name,city,zip,address,website,website_source,facebook,status,rating,reasons,note,director,director_role,owner_phone,phone_is,cvr,founded,employees
1453 Restaurants ApS,Rødekro,6230,"C/O Fatih Özdemir, Kometvej 4",,,,rated,1,"no website found (proff.dk, OpenStreetMap, domain lookup and web search all empty)",Nothing found for this name or the c/o person in Roedekro; trade name unknown.,Fatih Özdemir,Adm. Direktør,,,43725467,19-12-2022,6
A+ Siam Sushi Restaurant ApS,Aarhus C,8000,Frederiksgade 32,http://restaurant.aplussiamsushi.dk/restaurant/,osm,,rated,1,does not load: too many redirects,ownership of site not fully confirmed,Jiantian Yu,Direktør,86 13 62 70,restaurant,37304964,07-12-2015,33
Albatros Arctic Circle ApS,Ilulissat,3952,Edv.sivertsenip Aqq 18 Postboks 20,,,,rated,1,"no website found (proff.dk, OpenStreetMap, domain lookup and web search all empty)","Tour operator running Hotel Hvide Falk and its restaurant in Ilulissat; site shows Edvard Sivertsenip aqq. 18, tel +299 943343 (aac.gl redir",Jørgen Henning Larsen,Direktør,943343,restaurant,12471122,31-05-2008,
Babylon Grill Restaurant ApS,Aalborg SØ,9210,Gugvej 81,,,,rated,1,"no website found (proff.dk, OpenStreetMap, domain lookup and web search all empty)",Nothing found,Matias Samer Issam Abed,Direktør,,,44462001,22-11-2023,6
Backyard Restaurants A/S,Knebel,8420,Energivej 134,,,,rated,1,"no website found (proff.dk, OpenStreetMap, domain lookup and web search all empty)","Trade name Det Fedtede Hjørne is a street-food venue in Hornbæk (Øresundsvej 2A); no own website found, detfedtedehjorne.dk does not resolve",Lene Kit Purup,Direktør,60 40 81 64,restaurant,21670634,13-01-1999,39
Bella Italia Restaurant ApS,Kastrup,2770,Amager Landevej 180,http://www.bellaitaliapizzaria.dk/,osm,,rated,1,domain does not resolve,ownership of site not fully confirmed,,,32 52 58 42,restaurant,44310244,19-09-2023,5
Bellissimo Pizzaria & Restaurant ApS,Nakskov,4900,"Birkevænget 7, st.",,,,rated,1,"no website found (proff.dk, OpenStreetMap, domain lookup and web search all empty)",Nothing found,Salif Gyulfetin Salif,Direktør,,,45115445,17-09-2024,4
Bellona Restaurant ApS,Hundested,3390,Nørregade 19,http://www.bellonapizza.dk/,osm,,rated,1,domain does not resolve,ownership of site not fully confirmed,Erdal Türk,Direktør,61 99 51 87,restaurant,45095509,20-09-2024,5
Big Ben Cafe & Restaurant ApS,Glostrup,2600,Hovedvejen 103,,,,rated,1,"no website found (proff.dk, OpenStreetMap, domain lookup and web search all empty)",No listing found for Big Ben Cafe in Glostrup.,Erdem Erdal,Adm. Direktør,,,38739018,11-06-2017,6
CAFÉ OG RESTAURANT FRIENDS ApS,Nordborg,6430,Storegade 14,,,,rated,1,"no website found (proff.dk, OpenStreetMap, domain lookup and web search all empty)","Only directory listing (Storegade 27, phone 73631010); no site",Cuma Aslan,Direktør,,,27963021,05-09-2005,9
CAH II A/S,Kongens Lyngby,2800,"C/O Newsec, Lyngby Hovedgade 4",https://admiralhotel.dk/en/salt-restaurant,search,,rated,1,deep link returns 'Oops! That page can't be found' error page,ownership of site not fully confirmed,Peter Gill,Direktør,,,40962638,27-11-2019,
CHEVAL BLANC KANTINER A/S,København SV,2450,"Borgmester Christiansens Gade 50, st.",https://www.simplycooking.dk/kb45/,osm,,rated,1,404 page not found on simplycooking.dk/kb45,ownership of site not fully confirmed,Sanne Drescher,Adm. Direktør,39 65 61 99,restaurant,26107911,28-06-2001,447
Cara Café & Restaurant ApS,Brønshøj,2700,"Frederikssundsvej 121 H, st.",,,,rated,1,"no website found (proff.dk, OpenStreetMap, domain lookup and web search all empty)","Nothing found for Cara Cafe at Frederikssundsvej 121, Broenshoej, in 2 searches.",Mohammad Hassan Hussein,Adm. Direktør,,,45419711,21-02-2025,8
DANSK ARKITEKTUR CENTER (FOND),København K,1473,Bryghuspladsen 10,,,,rated,1,"no website found (proff.dk, OpenStreetMap, domain lookup and web search all empty)",Danish Architecture Center (BLOX); has a café/restaurant. Institution site.,Kent Martinussen,Adm. Direktør,32 57 19 30,restaurant,78805218,16-10-1999,120
DORSOE SVENDBORG ApS,Odense M,5230,Stenosvænget 4,,,,rated,1,"no website found (proff.dk, OpenStreetMap, domain lookup and web search all empty)","Only CVR listings (Odense M address, Svendborg phone 62218787); no operating restaurant name or site found.",Søren Riskjær Larsen,Direktør,62 21 87 87,restaurant,32439519,25-08-2009,3
Grand Sultan Restaurant ApS,Thisted,7700,Dragsbækvej 70,,,,rated,1,"no website found (proff.dk, OpenStreetMap, domain lookup and web search all empty)","Exists at Dragsbækvej 70, Thisted (phone 53530610 matches) but only directory listings found, no own website.",Oksana Nikodimova,Direktør,53 53 06 10,restaurant,42320706,20-04-2021,6
GØRLEV HALLENS RESTAURANTER ApS,Gørlev,4281,Kalundborgvej 29,,,,rated,1,"no website found (proff.dk, OpenStreetMap, domain lookup and web search all empty)","Unit appears to be Kalundborg-Hallernes Restaurant (Munkesoegade 3, Kalundborg, tel 59512375) and the Goerlev Hallen cafeteria; no website f",Søren Berg Tullesen,Direktør,58 85 58 40,restaurant,15998881,01-03-1992,5
Görkem Restaurant ApS,Glostrup,2600,Naverland 4,,,,rated,1,"no website found (proff.dk, OpenStreetMap, domain lookup and web search all empty)","Nothing found for Görkem at Naverland 4, Glostrup.",,,,,40030794,15-11-2018,
HOTEL QAQORTOQ ApS,Qaqortoq,3920,Postboks 509,,,,rated,1,"no website found (proff.dk, OpenStreetMap, domain lookup and web search all empty)",Site confirmed as Hotel Qaqortoq (Steakhouse Nanoq); domain matches Visit Greenland listing email.,Jakob Sølvsten Nielsen,Direktør,642282,restaurant,10143489,17-12-1985,
ISHØJ TYRKISK RESTAURANT BAM APS,Ishøj,2635,Jægerbuen 26,,,,rated,1,"no website found (proff.dk, OpenStreetMap, domain lookup and web search all empty)","Nothing found for a restaurant at Jaegerbuen 26, Ishoej, in 2 searches.",Ekrem Akdeve,Adm. Direktør,,,41945478,15-12-2020,9
"Julian Drift, Refshaleøen A/S",København K,1432,"C/O Street Food District ApS, Refshalevej 167 A, 1.",,,,rated,1,"no website found (proff.dk, OpenStreetMap, domain lookup and web search all empty)",Bar unit at Reffen street food market (c/o Street Food District ApS; market site reffen.dk is the parent's). No own website found.,Jesper Julian Møller,Adm. Direktør,,,38440128,23-02-2017,162
KARAGOZ RESTAURANT APS,Ringsted,4100,Sct Hansgade 20,,,,rated,1,"no website found (proff.dk, OpenStreetMap, domain lookup and web search all empty)","Papsi Pizzaria, Sct Hansgade 20, Ringsted found only on Wolt/Trip.com; no own site",Hayriye Karagöz,Direktør,60 18 01 04,restaurant,43716719,12-12-2022,1
Kings Restaurant ApS,Haderslev,6100,Nørregade 23,,,,rated,1,"no website found (proff.dk, OpenStreetMap, domain lookup and web search all empty)","Chinese/sushi restaurant at Nørregade 23, Haderslev; only Wolt/VisitDenmark listings, no own site or Facebook found.",Meiqiu Zhang,Adm. Direktør,,,43232606,27-04-2022,7
L&M Restaurant ApS,Brønshøj,2700,Bellahøjvej 20,,,,rated,1,"no website found (proff.dk, OpenStreetMap, domain lookup and web search all empty)","No trade name known; nothing found for Bellahøjvej 20, Brønshøj.",Michael Robert Lender,Adm. Direktør,,,41465182,26-06-2020,39
LAGKAGEHUSET A/S,København NV,2400,Dortheavej 10,https://lagkagehuset.dk/,guess,,rated,1,site shows 'Application error: client-side exception' on desktop and mobile; no content renders,,Lisa Rossen Borch,Adm. Direktør,72 14 47 00,restaurant,20213094,27-06-1997,2717
LKG NIGHT ApS,København K,1074,Lille Kongensgade 16,,,,rated,1,"no website found (proff.dk, OpenStreetMap, domain lookup and web search all empty)",Trade name 'Sunday' at Lille Kongensgade 16; nothing found online.,Puk Lisbeth Lykke Jacobsen,Adm. Direktør,,,35242139,14-05-2013,106
LOUISIANA - FONDEN,Humlebæk,3050,Gl Strandvej 13,https://en.louisiana.dk/louisiana-cafe,osm,,rated,1,domain does not resolve (dead link),ownership of site not fully confirmed,Poul Erik Tøjner,Direktør,49 19 07 91,restaurant,21358010,16-10-1999,396
Lin´s ApS,Kolding,6000,Akseltorv 13,,,,rated,1,"no website found (proff.dk, OpenStreetMap, domain lookup and web search all empty)","Runs Atami Sushi chain (Kolding Akseltorv 13, Viborg, Fredericia etc.) and Hayashi Aarhus; no official chain domain found (atamisushi.dk doe",Zenghui Lin,Adm. Direktør,,,37785393,09-06-2016,480
Magi Sushi Restaurant ApS,Brønshøj,2700,"Frederikssundsvej 331, st. 1",,,,rated,1,"no website found (proff.dk, OpenStreetMap, domain lookup and web search all empty)",Only aggregator listing (Frederikssundsvej 331); no official site found,Hao Zhang,Direktør,,,38946374,15-09-2017,
Meyers Contract Catering A/S,København Ø,2100,"Dampfærgevej 10, 1.",https://www.meyersspisehus.dk/,osm,,rated,1,Squarespace 'Website Expired' page; no real website,ownership of site not fully confirmed,Peter Rønn-Petersen,Adm. Direktør,39 18 69 00,restaurant,26631521,03-06-2002,764
Mikkeller DK Restaurants ApS,København V,1717,"Skelbækgade 2, 3. th",,,,rated,1,"no website found (proff.dk, OpenStreetMap, domain lookup and web search all empty)",No separate restaurant site found; mikkeller.com is brewery/webshop (rejected),Mikkel Bjergsø,Adm. Direktør,,,44558998,10-01-2024,32
N&N Restaurant ApS,Aabenraa,6200,Kystvej 55,,,,rated,1,"no website found (proff.dk, OpenStreetMap, domain lookup and web search all empty)","Kystvej 55 is the Aabenraa Sejl Club clubhouse, which has an on-site restaurant; its trade name and website could not be found.",Thi Hien Tran,Direktør,,,44075091,24-05-2023,15
Nørre Aaby Bageri ApS,Middelfart,5500,Bogensevej 12,,,,rated,1,"no website found (proff.dk, OpenStreetMap, domain lookup and web search all empty)",Trades as Bak's Bakery & Deli (Noerre Aaby/Middelfart); no website found in 2 searches.,Carsten Bjørn Bak Matthiesen,Adm. Direktør,,,36715936,16-04-2015,91
RESTAURANT GROTTEN ApS,Allinge,3770,Skolegade 4,,,,rated,1,"no website found (proff.dk, OpenStreetMap, domain lookup and web search all empty)","Nothing found for Grotten at Skolegade 4, Allinge (Bornholm).",Kenneth Mortensen,Direktør,97 54 82 21,restaurant,18293196,10-01-1995,
RESTAURANT HONG BIN LOU ApS,Glostrup,2600,Hovedvejen 110,,,,rated,1,"no website found (proff.dk, OpenStreetMap, domain lookup and web search all empty)","Hanami Sushi only on Wolt (Hovedvejen 110, 2600); no own site found",Zhaobin Bian,Direktør,,,36445017,19-11-2014,12
RESTAURANT LANDGANGEN ApS,Mariager,9550,Oxendalen 1,,,,rated,1,"no website found (proff.dk, OpenStreetMap, domain lookup and web search all empty)","Restaurant Landgangen, Mariager (listings show Teglgade 3) exists but no website found; landgangen.dk does not resolve.",Peder Bjerregaard Mikkelsen,Direktør,98 54 11 22,restaurant,28662475,06-07-2006,
RESTAURANT MARIENLYST ODENSE ApS,Odense C,5000,Windelsvej 138,,,,rated,1,"no website found (proff.dk, OpenStreetMap, domain lookup and web search all empty)",Nothing found for Odense; only Helsingør Marienlyst (marienlyst.dk) which is different,Peter Larsen,Direktør,65 90 40 00,restaurant,10645808,09-02-1987,1
RESTAURANT MAXIMUT ApS,Nuuk,3900,Aqqusinersuaq 6 Postboks 1750,,,,rated,1,"no website found (proff.dk, OpenStreetMap, domain lookup and web search all empty)",Nothing found for a Maximut restaurant in Nuuk.,Jackie Lyng,Direktør,322544,restaurant,20656506,30-12-1997,
RESTAURANT MUMA ApS,Brønshøj,2700,"C/O frederikssundvej 123k, Frederikssundsvej 123",,,,rated,1,"no website found (proff.dk, OpenStreetMap, domain lookup and web search all empty)","No listing found for MUMA Bistro at Frederikssundsvej 123, Brønshøj",Hayriye Karagöz,Adm. Direktør,60 18 01 04,restaurant,39237237,01-01-2018,9
RESTAURANT PAKHUSET ApS,Skjern,6900,Bredgade 51,,,,rated,1,"no website found (proff.dk, OpenStreetMap, domain lookup and web search all empty)",Only VisitDenmark/Trip listings (phone 97350855); no own site,Morten Bjerg Larsen,Direktør,97 35 08 55,restaurant,21657433,29-04-1999,27
RESTAURANT SIEU ApS,Odense C,5000,Østre Stationsvej 40,,,,rated,1,"no website found (proff.dk, OpenStreetMap, domain lookup and web search all empty)","Asian restaurant Sieu, Odense (Tripadvisor/guides only). sieu.dk returns HTTP 503, content not verified.",Hai Sieu Tran,Direktør,,,34219184,30-01-2012,6
RESTAURANT TORVEHALLERNE ApS,København K,1360,Frederiksborggade 19,,,,rated,1,"no website found (proff.dk, OpenStreetMap, domain lookup and web search all empty)",Un Mercato found only on travel sites; no own site,Stig Nørrung Bøger,Direktør,22 51 42 23,restaurant,33961839,05-10-2011,34
Restaurant 11 ApS,København N,2200,"Fredensgade 11 A, st.",,,,rated,1,"no website found (proff.dk, OpenStreetMap, domain lookup and web search all empty)","Address matches former 'Guldkroen 11' at Fredensgade 11A, listed as permanently closed. No website found.",Niels Frank Svärd Pedersen,Adm. Direktør,26 14 04 82,restaurant,38205455,24-11-2016,10
Restaurant 4700 aps,Næstved,4700,Ny Præstøvej 100,,,,rated,1,"no website found (proff.dk, OpenStreetMap, domain lookup and web search all empty)","No trade name; nothing found at Ny Præstøvej 100, Næstved.",Mustafa Sahin,Direktør,,,42791008,26-10-2021,6
Restaurant Adelgade 16 ApS,København K,1304,Adelgade 16,,,,rated,1,"no website found (proff.dk, OpenStreetMap, domain lookup and web search all empty)",Trade name Kismet; no Copenhagen listing found at Adelgade 16 (only unrelated Kismet in London/LA).,Frederik Mathias Møller,Direktør,26 80 66 69,restaurant,43849549,09-02-2023,39
Restaurant Amalfi ApS,Aarhus C,8000,Vestergade 39,https://amalfi.dk/,guess,,rated,1,"does not load: navigation error, no screenshot",ownership of site not fully confirmed,Ahmad Kasim Husain,Direktør,,,43585312,18-10-2022,5
Restaurant August2025 ApS,Hadsund,9560,Havnen 4,,,,rated,1,"no website found (proff.dk, OpenStreetMap, domain lookup and web search all empty)","No restaurant found at Havnen 4, Hadsund; trade name unknown.",,,,,44028085,02-05-2023,
Restaurant Bryggen ApS,Assens,5610,"Østergade 8, st.",https://bryg1.dk/,osm,,rated,1,does not load: domain not resolved,ownership of site not fully confirmed,Thanh Phong Pham,Direktør,61 71 77 26,restaurant,42471534,15-06-2021,6
Restaurant Bødkergården ApS,Kvistgård,3490,Nybovej 5,,,,rated,1,"no website found (proff.dk, OpenStreetMap, domain lookup and web search all empty)","Only Bødkergården at Asserbo Golf Club found, different location; nothing reliable",Alexander Steen Hansen,Adm. Direktør,,,43807633,25-01-2023,12
Restaurant Chipotle Mexican ApS,Slagelse,4200,"Jernbanegade 3 A, st.",,,,rated,1,"no website found (proff.dk, OpenStreetMap, domain lookup and web search all empty)","Only Wolt listing (Chipotle Mexican Steak, Jernbanegade 3A); no own site",Cengiz Ali Büyükuslu,Direktør,,,44295172,01-09-2023,1
Restaurant Ciao ApS,Fredensborg,3480,Chrst Boecksvej 1,http://www.restaurantciao.dk/,osm,,rated,1,website does not load (dead domain / connection error); no screenshot,ownership of site not fully confirmed,,,48 48 23 24,restaurant,40136010,03-01-2019,4
Restaurant Frederiksberg Allé 55 ApS,Frederiksberg C,1820,Frederiksberg Alle 55,https://roert.dk/locations/,osm,,rated,1,page returns 404 error; no real website at this URL,ownership of site not fully confirmed,,,,,42518824,03-07-2021,
Restaurant Fuglsang ApS,Odense N,5270,Fuglsang 6,,,,rated,1,"no website found (proff.dk, OpenStreetMap, domain lookup and web search all empty)","Nothing found for Fuglsang 6, Odense N (Fuglsang hits are the Lolland estate, unrelated).",Flemming Espersen,Direktør,,,37117927,29-09-2015,4
Restaurant Furesøbad ApS,Værløse,3500,Frederiksborgvej 101,,,,rated,1,"no website found (proff.dk, OpenStreetMap, domain lookup and web search all empty)","No official site found; only directory listings (tel 70 30 07 08). Lease was put out to tender by Furesø Kommune, operator may have changed",Thomas Laden Nørgaard,Direktør,,,41582278,11-08-2020,49
Restaurant Havfruen Hundested ApS,Hundested,3390,Nordre Beddingsvej 21,https://havfruen-hundested.dk/,osm,,rated,1,website does not load (dead domain / connection error); no screenshot,ownership of site not fully confirmed,Muazez Genc,Adm. Direktør,,,41571160,07-08-2020,16
Restaurant Hellerup Sejlklub ApS,Rungsted Kyst,2960,"C/O TR Rejser, Rungsted Havn 30 B, 1. th",http://www.restauranten.org/,osm,,rated,1,domain does not resolve,ownership of site not fully confirmed,Anders Vang,Direktør,39 62 29 34,restaurant,38435663,12-02-2017,34
Restaurant Jægerspris ApS,Aalborg,9000,"C/O Else Marie Pades vej 3, Jægersprisvej 35",,,,rated,1,"no website found (proff.dk, OpenStreetMap, domain lookup and web search all empty)",Only CVR/Proff listings (Aalborg c/o address); no operating restaurant or website found.,Mike Engelbrecht Høegh Simonsen,Adm. Direktør,51 86 01 55,restaurant,41531355,17-07-2020,1
Restaurant Kul ApS,København K,1366,"C/O Vinstuerne ApS, Nansensgade 70",,,,rated,1,"no website found (proff.dk, OpenStreetMap, domain lookup and web search all empty)",Restaurant Kul (Koedbyen) appears closed; restaurantkul.dk is now an unrelated blog with a different CVR. Registered c/o Vinstuerne ApS.,Nikolai Carl Tikjøb,Direktør,46 91 10 30,restaurant,29977100,27-10-2006,
Restaurant LB ApS,København V,1656,Gasværksvej 5,,,,rated,1,"no website found (proff.dk, OpenStreetMap, domain lookup and web search all empty)",Gasværksvej 5 appears residential; no restaurant or website found.,Sebastien Michel Pierre Jacques,Direktør,,,38796070,30-06-2017,4
Restaurant LilleB ApS,Frederiksberg C,1800,Vesterbrogade 182,https://formelbgroup.dk/lilleb/en/about,search,,rated,1,"site removed (HTTP 410, WordPress error)",ownership of site not fully confirmed,Rune Amgild Jochumsen,Direktør,,,44562502,12-01-2024,49
Restaurant MH ApS,København N,2200,"Nørrebrogade 29, st. 1",,,,rated,1,"no website found (proff.dk, OpenStreetMap, domain lookup and web search all empty)",Registered 2024 at Nørrebrogade 29; trade name unknown (possibly a wok/takeaway place). No website found.,Rafi Mohammed Mashriqi,Adm. Direktør,,,45104850,23-09-2024,2
Restaurant Mantzius ApS,Birkerød,3460,"C/O Byens Deli Aps, Stationsvej 5, st.",,,,rated,1,"no website found (proff.dk, OpenStreetMap, domain lookup and web search all empty)",Nothing found,Frederik Sporon-Fiedler,Direktør,23 71 59 93,restaurant,33640919,31-03-2011,2
Restaurant Marni ApS,Rødby,4970,Færgestationsvej 4,,,,rated,1,"no website found (proff.dk, OpenStreetMap, domain lookup and web search all empty)",Nothing found for a Restaurant Marni in Rødby/Rødbyhavn.,Henrik Lyngby Sørensen,Direktør,,,43682288,01-12-2022,23
Restaurant Miro P/S,Aarhus C,8000,Marstrandsgade 2,,,,rated,1,"no website found (proff.dk, OpenStreetMap, domain lookup and web search all empty)",mirovin.dk (Miro) has conflicting address/phone (86138700); not confident,Anton Josef Leichtle,Direktør,28 92 59 11,restaurant,37998729,10-09-2016,10
Restaurant Moment aps,Horsens,8700,"C/O Rikke Storm Overgaard, Kirkehøjvej 13",,,,rated,1,"no website found (proff.dk, OpenStreetMap, domain lookup and web search all empty)",Moment in Rønde (restaurantmoment.dk) is a different business; nothing for Horsens,Rikke Heide Overgaard,Direktør,51 36 26 56,restaurant,37378321,07-01-2016,8
Restaurant NOK ApS,Randers SØ,8960,"Merkurvej 55, 1. 21",,,,rated,1,"no website found (proff.dk, OpenStreetMap, domain lookup and web search all empty)",Trade name WOKKO (Randers). No website or social page found in 2 searches.,Erhan Michael Cetin,Direktør,,,44277832,31-08-2023,17
Restaurant Nordsøen ApS,Hjørring,9800,Rubjergvej 21,,,,rated,1,"no website found (proff.dk, OpenStreetMap, domain lookup and web search all empty)",Rubjergvej 21 is Egelunds Camping (Lønstrup); no Restaurant Nordsøen listing or website found.,,,60 80 58 28,restaurant,36721898,22-04-2015,2
Restaurant Picasso ApS,Hurup Thy,7760,Torvevej 2,,,,rated,1,"no website found (proff.dk, OpenStreetMap, domain lookup and web search all empty)","Restaurant Picasso Hurup Thy exists (pizza/fast food, Restaurant Guru) but no own website found.",Bayram Baran,Adm. Direktør,97 95 27 77,restaurant,44800187,30-04-2024,15
Restaurant Poco Loco ApS,København K,1432,"C/O Street Food District ApS, Refshalevej 167 A, 1.",https://poco.barbaruiva.dk/,osm,,rated,1,404 Page Not Found on subdomain,ownership of site not fully confirmed,Mario Alberto Cruz Pérez,Direktør,12 34 56 78,restaurant,38440292,23-02-2017,7
Restaurant Podium ApS,Aalborg,9000,Europa Plads 4,,,,rated,1,"no website found (proff.dk, OpenStreetMap, domain lookup and web search all empty)",Only aggregator (joinpearl) found,Michel Lycoops,Direktør,99 35 55 27,restaurant,42519782,02-07-2021,117
Restaurant Rod ApS,Viborg,8800,Sct. Mathias Gade 74,,,,rated,1,"no website found (proff.dk, OpenStreetMap, domain lookup and web search all empty)","Restaurant ROD, Sct. Mathias Gade 74, Viborg (tel 22 79 40 88) found only on aggregators; restaurantrod.dk does not resolve",Zeid Hafed Laursen,Adm. Direktør,22 79 40 88,restaurant,38493396,16-03-2017,
Restaurant Solsikken Skælskør ApS,Skælskør,4230,Havnevej 6,https://solsikken.nu/,osm,,rated,1,domain does not resolve,ownership of site not fully confirmed,Mesut Deveci,Adm. Direktør,58 19 03 49,restaurant,40415246,18-03-2019,12
Restaurant Trio ApS,København K,1302,Dronningens Tværgade 2,,,,rated,1,"no website found (proff.dk, OpenStreetMap, domain lookup and web search all empty)","Trio restaurant found at Jernbanegade 11, not this address; nothing reliable",,,,,38281453,23-12-2016,15
Restaurant Vedbæk Havn ApS,Vedbæk,2950,Vedbæk Strandvej 356 A,,,,rated,1,"no website found (proff.dk, OpenStreetMap, domain lookup and web search all empty)",Nothing found; harbour association site rejected,Peter Christopher Ammentorp Østergaard,Direktør,,,44892901,11-06-2024,43
Restaurant YoYo ApS,Frederikssund,3600,Lodshaven 4,,,,rated,1,"no website found (proff.dk, OpenStreetMap, domain lookup and web search all empty)","Nothing found for YoYo at Lodshaven 4, Frederikssund (only an unrelated Yo-Yo in Hundested)",Chaoying Pan,Direktør,43 99 62 88,restaurant,40782877,13-09-2019,15
Restaurant af 16.03.23 ApS,Køge,4600,Torvet 17,,,,rated,1,"no website found (proff.dk, OpenStreetMap, domain lookup and web search all empty)","Name suggests a sold/dormant restaurant company; no restaurant found at Torvet 17, Køge.",,,,,29178895,17-11-2005,
Restaurant den gamle smedie ApS,Juelsminde,7130,Hovedvejen 27,,,,rated,1,"no website found (proff.dk, OpenStreetMap, domain lookup and web search all empty)",No restaurant 'Den Gamle Smedie' found in Juelsminde.,Kia Andersson,Direktør,25 36 67 76,restaurant,43901680,07-03-2023,8
Restauranten Nyhavn 69 ApS,København N,2200,"C/O Andreas Malling, Sortedam Dossering 29, st. tv",,,,rated,1,"no website found (proff.dk, OpenStreetMap, domain lookup and web search all empty)",Nothing found; no web presence located,Charles Teinby,Adm. Direktør,23 70 74 73,restaurant,42510793,01-07-2021,10
Rørbæk Sø Restaurant ApS,Ejstrupholm,7361,Rørbækvej 58,,,,rated,1,"no website found (proff.dk, OpenStreetMap, domain lookup and web search all empty)","Only directory listings (Rørbækvej 58, tel 75 73 60 75); no official site found",Annette Mortensen,Direktør,,,44517698,22-12-2023,13
SCANDINAVIAN RESTAURANT ApS,Ærøskøbing,5970,Vråvejen 11,,,,rated,1,"no website found (proff.dk, OpenStreetMap, domain lookup and web search all empty)","No restaurant found at Vråvejen 11, Ærøskøbing; likely not an operating venue.",Lennart Hansen,Direktør,,,27760996,28-05-2004,1
SK Restaurant ApS,København V,1650,Istedgade 32,,,,rated,1,"no website found (proff.dk, OpenStreetMap, domain lookup and web search all empty)",No trade name; nothing found at Istedgade 32.,Kasper Lybøl Mortensen,Adm. Direktør,,,27654460,19-03-2004,1
Sakura Bento Restaurant ApS,Fredericia,7000,Danmarksgade 50,,,,rated,1,"no website found (proff.dk, OpenStreetMap, domain lookup and web search all empty)",Nothing found,Mostafa Asgharzadeh,Direktør,,,43711628,15-12-2022,5
Sandy Restaurant ApS,Brønshøj,2700,Frederikssundsvej 213,https://sandy-restaurant.dk,search,,rated,1,"domain does not resolve (ERR_NAME_NOT_RESOLVED); screenshot shows unrelated page, ignored",ownership of site not fully confirmed,,,,,36897899,12-05-2015,
Snestrup Have ApS,Odense NV,5210,Snestrup Have 1,,,,rated,1,"no website found (proff.dk, OpenStreetMap, domain lookup and web search all empty)",Nothing found,Henrik Nygaard,Direktør,,,40289003,25-02-2019,3
THE SOLID ApS,København K,1255,"Store Strandstræde 21, st.",,,,rated,1,"no website found (proff.dk, OpenStreetMap, domain lookup and web search all empty)",Nothing found; Store Strandstræde 21 is The Union Kitchen per listings,Paul Karkov Muldowney,Direktør,27 85 31 53,restaurant,25275365,28-11-2013,78
VALEUR RESTAURANTS ApS,Svendborg,5700,Tvedvej 122,,,,rated,1,"no website found (proff.dk, OpenStreetMap, domain lookup and web search all empty)",Nothing found,Thomas Valeur,Direktør,24 67 63 42,restaurant,30823273,10-09-2007,4
Valentino Restaurant ApS,Kolding,6000,Klostergade 19,https://valentino-kolding.dk/,osm,,rated,1,website does not load; dead domain,ownership of site not fully confirmed,,,,,39475308,10-04-2018,9
Viet Restaurant - Bubble Tea & Bingsu ApS,København V,1552,"Vester Voldgade 86, st. 1",,,,rated,1,"no website found (proff.dk, OpenStreetMap, domain lookup and web search all empty)",Restaurant confirmed at Vester Voldgade 86 via aggregators only; no official site found,Kim Thoa Hoang,Direktør,25 32 86 86,restaurant,43204181,08-04-2022,4
Viet Restaurant - Fisketorvet ApS,København V,1560,Kalvebod Brygge 59,,,,rated,1,"no website found (proff.dk, OpenStreetMap, domain lookup and web search all empty)",Only Westfield mall listing found,Kim Thoa Hoang,Direktør,,,29816557,10-02-2009,11
Vækst ApS,København V,1620,"Vesterbrogade 17, 1. tv",https://cofoco.dk/en/restaurants/vaekst,search,,rated,1,URL returns 404 (restaurant page removed from group site),ownership of site not fully confirmed,Christian Lytje,Direktør,,,36696265,25-03-2015,72
Wedogreens ApS,København Ø,2100,Østerbrogade 72,,,,rated,1,"no website found (proff.dk, OpenStreetMap, domain lookup and web search all empty)","Wedo salad bars (Trianglen, Amager, Lyngby, Grønnegade); wedogreens.dk is a parked one.com page, no live official site found",Thomas Herner Hofbæk,Adm. Direktør,23 82 27 38,restaurant,30506448,16-06-2008,256
Zam Zam Restaurant ApS,København NV,2400,"Frederikssundsvej 20, st.",,,,rated,1,"no website found (proff.dk, OpenStreetMap, domain lookup and web search all empty)","Halal grill/café in København NV (Frederikssundsvej); only directory listings, no own site found.",Rezgar Kassem,Adm. Direktør,,,38855131,14-08-2017,10
ØSTENS KONGE ApS,Helsinge,3200,Ammendrup Park 156,,,,rated,1,"no website found (proff.dk, OpenStreetMap, domain lookup and web search all empty)","Castle Wok House (Royal Style) actually at Slotsgade 59c, Hillerød (phone 71991998 matches on Wolt); no own website found.",Si Mu Yan,Adm. Direktør,71 99 19 98,restaurant,33647646,10-05-2011,4
Arken Restaurant ApS,Frederiksværk,3300,Nørregade 38,https://www.facebook.com/people/Anker-H-Caf%C3%A9-Familie-Restaurant/61558058580558/,osm,,rated,2,"only a Facebook page, no own website",,Chandra Kadariya,Adm. Direktør,92 14 50 64,restaurant,44861917,29-05-2024,6
Enkali ApS,København V,1553,"Kasper Cordes, H.C. Andersens Boulevard 8",,,https://www.instagram.com/o12cph/,rated,2,"only a Facebook/Instagram page, no own website found",,Kasper Cordes,Adm. Direktør,42 42 81 63,restaurant,40561374,02-06-2019,68
GULDBERGSGADE ApS,København N,2200,Guldbergsgade 29,https://guldbergsgade.dk/,guess,,rated,2,2003 lorem ipsum template with 'YourCompany.com' footer; placeholder only,ownership of site not fully confirmed,Ulrik Mikkelsen,Adm. Direktør,,,36062193,06-08-2014,48
RESTAURANT TOKYO ApS,København V,1620,Vesterbrogade 77,https://tokyorestaurant.dk/,guess,,rated,2,New Website Coming Soon placeholder; single page,,Gin Nakazawa,Direktør,33 31 01 65,restaurant,87491617,15-12-1978,20
RESTAURANT WULFF ApS,Horsens,8700,Rædersgade 8-10,https://wulff.dk/,guess,,rated,2,blank grey placeholder page with only domain name,ownership of site not fully confirmed,Jane Just Harboe,Direktør,75 61 02 00,restaurant,35395377,05-07-2013,10
Restaurant Engesvang ApS,Engesvang,7442,Gl Kongevej 63,https://www.engesvangpizza.dk/,osm,,rated,2,blank white page on desktop and mobile; no viewport; no content,ownership of site not fully confirmed,Bayram Sengüler,Direktør,86 86 42 96,restaurant,45008045,05-08-2024,6
Restaurant Kælderen ApS,Hjørring,9800,"Strandvejen 89 F, kl.",,,https://www.facebook.com/p/Restaurant-K%C3%A6lderen-61574030039177/,rated,2,"only a Facebook/Instagram page, no own website found","rejected candidate https://www.kaelderen.dk/: Kaelderen wine-log app (beta), not a restaurant",Charlotte Brinch Egelund,Direktør,22 81 01 44,restaurant,45276317,03-12-2024,13
Restaurant Margo ApS,København V,1620,"Vesterbrogade 38, st.",https://auth.margo.dk/?rd=https://margo.dk/,guess,,rated,2,stuck on loading screen behind auth redirect; no visible site,ownership of site not fully confirmed,Nis Kring,Adm. Direktør,,,45111091,30-09-2024,26
Restaurant Minde ApS,Marstal,5960,Kongensgade 13,,,https://www.facebook.com/rantzausmindegrill,rated,2,"only a Facebook/Instagram page, no own website found",,Henriette Charlotte Humphrys,Direktør,62 20 19 94,restaurant,44739305,03-04-2024,6
Rømø Pizza & Pasta Restaurant ApS,Rømø,6792,Lakolk Butikscenter 1,,,https://www.facebook.com/RomoPizzaPasta/,rated,2,"only a Facebook/Instagram page, no own website found",,Azawi Ahmed Zannoun,Direktør,51 33 65 72,restaurant,38067346,05-10-2016,17
"Cafe, Restaurant og Steakhouse Amalie, Thisted ApS",Thisted,7700,"C/O Anke Gruchot, Jasminvej 29",https://www.cafeamalie.dk/,osm,,rated,3,text-only over blurred photo; default Times New Roman; no real layout or menu,,Karsten Dalsgaard Olandersen,Direktør,22 46 51 25,restaurant,41967722,21-12-2020,34
Good World Restaurant ApS,Grenaa,8500,Nørregade 14,http://goodworld.dk/,osm,,rated,3,2010-era look; no HTTPS; no viewport; not responsive; mobile overflow; jQuery 1.7.1; copyright 2016,,Wei Zhang,Direktør,86 38 66 88,restaurant,37226084,13-11-2015,12
Mother Restaurant ApS,København V,1712,Høkerboderne 9,https://mother.dk/,osm,https://www.facebook.com/mother-restaurant-141572339187099/,rated,3,"bare gateway page with two logos; no content, menu or photos; looks unfinished; heuristic suggests basic layout",,Mathias Siggerud Fabricius,Direktør,22 27 58 98,restaurant,32785484,11-03-2010,24
RESTAURANT GILLELEJE HAVN A/S,Gilleleje,3250,Havnevej 14,https://www.gillelejehavn.dk/,guess,,rated,3,"mobile view broken (content cut off, horizontal overflow); Arial default; menu only as PDF; dated Wix-like hero box",,Annette Bylov Sørensen,Direktør,40 20 16 99,restaurant,35389032,29-06-2013,22
RESTAURANT L'APPETITO ApS,København V,1606,"C/O Imperial Hotel, Vester Farimagsgade 9",https://lappetito.dk/da/,osm,,rated,3,"dated 2000s layout; fixed-width desktop design, no viewport tag; horizontal overflow on mobile; blurred bg, default Times text, blue default links; jQuery 1.12",,Mate Vuksic,Direktør,33 43 20 83,restaurant,34230056,15-02-2012,15
RESTAURANT LILLERING SKOV ApS,Galten,8464,Århusvej 280,https://lilleringskov.dk/restaurant-lillering-skov,osm,,rated,3,dated 2000s table layout; Verdana/Times fonts; no viewport; overflows on mobile; jQuery 1.9; broken image icon,,Heine Schriver,Direktør,86 94 37 55,restaurant,28110650,15-09-2004,28
RESTAURANT LUMSKEBUGTEN ApS,København K,1263,Esplanaden 21,http://www.lumskebugten.dk/index.php?r=site/page&id=43,osm,,rated,3,dated 2000s fixed-width layout; Verdana default font; no HTTPS; plain centered text; tiny content box; not mobile friendly,,Michael Hedegaard Lyng,Adm. Direktør,33 15 60 29,restaurant,33646674,05-05-2011,15
RESTAURANT LÆRKEREDEN ApS,Vig,4560,Strandlystvej 9,http://xn--restaurantlrkereden-vxb.dk/,osm,,rated,3,"dated 2000s layout; Verdana/Arial default font; table layout; no HTTPS; no viewport, overflows on mobile; cramped left menu",,Jane Engbo Møller,Direktør,59 31 57 17,restaurant,18387891,11-04-1995,12
Restaurant & Café Nytorv ApS,København K,1450,"C/O Restaurant & Café Nytorv, Nytorv 15",https://nytorv.dk/,guess,,rated,3,"dated 2000s fixed-width layout; Arial default font; copyright 2003; no viewport tag, not mobile friendly; PDF menus; clip-art style banner and orange boxed buttons",,Dennis Schmidt,Direktør,32 50 29 07,restaurant,25640578,01-09-2000,18
Restaurant Munch ApS,Hirtshals,9850,Strandvejen 31,https://www.restaurantmunch.dk/,osm,,rated,3,casino spam banner injected; text says restaurant was; basic blog look,,Tu Cong Tran,Direktør,22 14 97 91,restaurant,45462978,12-03-2025,23
Aleppo Restaurant ApS,Tønder,6270,Storegade 8,https://aleppo.dk/,guess,,rated,4,low-quality text logo; busy spice photo with low-contrast nav; dated bootstrap/FrontPage-style; old jQuery,,Abdullah Hasan Awas,Direktør,,,44740303,04-04-2024,4
BRYGHUSET VENDIA ApS,Hjørring,9800,Markedsgade 9,https://www.bryghusetvendia.dk/,osm,,rated,4,bare dark splash page with little imagery; 15 PDF menu links; user-scalable disabled,,Kristian Rise,Direktør,98 92 28 29,restaurant,29936994,12-10-2006,80
BUKA ApS,København K,1264,"Store Kongensgade 18, st.",https://www.buka-bakery.com/,search,,rated,4,"Wix site; thumbnails misaligned; mobile layout not responsive, text cut off",ownership of site not fully confirmed,Zeqir Haziri,Adm. Direktør,53 87 87 70,restaurant,40383646,05-03-2019,120
Børkop Vandmølle Restaurant ApS,Børkop,7080,Vandmøllevej 4 A,https://www.borkopmolle.dk/,osm,,rated,4,Wix site; mobile view cut off (header overflows); light default fonts; copyright 2020,,Sigridur Gudbrandsdottir,Direktør,75 86 87 88,restaurant,41038179,30-12-2019,21
CIRKUSREVYEN A/S,Klampenborg,2930,Dyrehavsbakken 85,https://www.korsbaek-bakken.dk/,search,,rated,4,vintage-themed busy layout with textured background and ornamental buttons; FrontPage-era tooling; cookie popup hides rest,,Steen Torben Pedersen,Direktør,39 63 38 02,restaurant,45158411,26-10-1972,137
FORENINGEN RESTAURANT SPISELOPPEN,København K,1440,"C/O loppebygningen, Sydområdet 4 B",https://spiseloppen.dk/,osm,,rated,4,dated plain template; Georgia serif body text; cramped single-column text; slider with weak photos,,Jamil Ahmed Simonsen,Direktør,32 57 95 58,restaurant,10303680,16-10-1999,7
GARTNERGÅRDEN DJURS ApS,Rønde,8410,Randersvej 5,https://www.ggaarhus.dk/,osm,,rated,4,Wix with Arial default font; menus as PDF; overflows on mobile; plain cramped layout,,Mattias la Cour Jonasson,Direktør,20 24 25 23,restaurant,34475970,16-04-2012,98
Hotel og Restaurant by the Sea ApS,Hirtshals,9850,Kystvejen 53,https://www.bbhirtshals.com/da/,search,,rated,4,"stray "">"" artifacts in nav; low-contrast text over photo; Helvetica default; basic B&B template",,Claus Bækholm Djurhuus,Direktør,,,37981532,02-09-2016,7
Hotel Ørsted kro og restaurant ApS,Ørsted,8950,Rougsøvej 118,https://oerstedkro.dk/,search,,rated,4,cluttered news-grid of poster images; Verdana default font; looks like club/culture house blog template; little restaurant focus,,Jørn Sofus Skifte Jakobsen,Direktør,60 18 77 98,restaurant,44377101,19-10-2023,4
KIIN ApS,København N,2200,Guldbergsgade 21,https://www.kiin.dk/,guess,,rated,4,Wix template; text over busy background image hard to read; inconsistent fonts; mobile view cropped/overflowing,,Lertchai Treetawatchaiwong,Direktør,35 35 75 55,restaurant,29603170,29-05-2006,81
KING BUFFET ApS,Silkeborg,8600,"C/O Jianming Lin, Borgergade 67",https://kingbuffet.dk/,osm,,rated,4,dated 2010s skeuomorphic textured look with ribbons and gradients; fixed-width boxed layout; weak imagery; cookie banner,,Jianping Lin,Direktør,86 88 85 88,restaurant,32330762,11-03-2011,72
La Toscana Restaurant ApS,Tarm,6880,Storegade 36,https://la-toscana.dk/,osm,,rated,4,"dated boxed layout, cursive fonts, neon-green highlight button, cluttered",,Mesut Akat,Adm. Direktør,51 29 52 58,restaurant,45289303,19-12-2024,7
Lai Lai Restaurant ApS,Holstebro,7500,Nørregade 50,https://www.lailai.dk/da-DK/,osm,,rated,4,sparse page; AI stock chef photo; stale Easter banner in October; little content,,Xueling Zhou,Direktør,97 10 08 88,restaurant,45090000,12-09-2024,9
Mr. Fish Sushi - Esbjerg,Esbjerg,6700,Kongensgade 38,https://mrfishsushi-esbjerg.dk/,proff,https://www.facebook.com/mr.fishsushi.esbjerg/,rated,4,broken layout; overlapping text over missing YouTube embed; amateurish,,Andreas Bossen,Direktør,25 55 58 56,restaurant,43829394,03-02-2023,21
RESTAURANT ATLANTICO APS,Værløse,3500,Bymidten 11,https://atlantico.dk/,osm,,rated,4,generic WordPress template; dated green nav; blurry hero slider; crowded header,,Bahaddin Yildirim,Adm. Direktør,44 47 17 27,restaurant,42592064,10-08-2021,1
RESTAURANT BELLA ITALIA ApS,Svendborg,5700,Brogade 2 A,https://www.bellaitalia-svendborg.dk/,osm,,rated,4,Times New Roman italic nav; heavy stock-photo hero; menus only as PDF; basic template,,Anne-Gitte Rasmussen,Direktør,62 22 24 55,restaurant,24219186,29-06-1999,19
RESTAURANT BØRSEN ApS,Svendborg,5700,Gerritsgade 31 A,https://www.borsenbar.dk/,search,,rated,4,rigid table-based layout; old jQuery 1.11; dated beige/brown palette and slider; webshop cart bolted on,,Mette Lindahl,Direktør,,,31477867,27-05-2008,30
RESTAURANT ITALIA RINGKØBING ApS,Ringkøbing,6950,Algade 11,https://italia-ringkobing.dk/,guess,,rated,4,dated boxed fixed-width layout on damask wallpaper; old jQuery; plain text menu page,,Marco Conte,Direktør,97 32 01 23,restaurant,77983910,07-06-1985,26
RESTAURANT KREBSEGAARDEN ApS,København K,1455,Studiestræde 17,https://krebsegaarden.dk/,guess,,rated,4,generic one.com template; mismatched Times heading font; logo on white box; mobile overflow,,Mats Wergeland,Direktør,61 77 31 74,restaurant,30597192,25-05-2007,5
RESTAURANT OG CAFÉ LUNA ApS,Holstebro,7500,Flengvej 2,https://cafe-luna.dk/,guess,,rated,4,generic template with leaf clip-art; SEO-spam text (casino link); not clearly the real restaurant site,ownership of site not fully confirmed,Michael Funder Justesen Buch,Direktør,,,33746237,19-05-2011,24
RESTAURANT PINDEN ApS,Aarhus C,8000,Skolegade 29,https://www.pinden.dk/,osm,,rated,4,Wix template; default Times-like fonts; empty gap under header; plain text opening hours on photo; mobile overflow,,Abdessamad Fakhri,Direktør,86 12 11 02,restaurant,31591724,27-06-2008,6
Restaurant Carlsens Kvarter ApS,Odense C,5000,"Hunderupvej 19, st.",http://www.carlsens.dk/#/,osm,,rated,4,"plain minimal template, large empty hero gap, no HTTPS, little imagery",,Christian Wagner Hansen,Direktør,,,36737239,06-05-2015,24
Restaurant Havfruen ApS,Fredericia,7000,"Vendersgade 57, st.",https://www.restauranthavfruen.dk/,guess,,rated,4,"Wix with Arial default, tiny italic text, sparse; mobile overflow, menu cut off",ownership of site not fully confirmed,Henrik Jensen,Direktør,75 92 03 81,restaurant,41811536,29-10-2020,8
Restaurant Havnens Perle ApS,Aarhus C,8000,"C/O Dagmar Petersens Gade 10, Dagmar Petersens Gade 10",https://havnensperle.dk/,guess,,rated,4,hero is black with visible 'youtube Api could not be loaded' error; broken-looking home page; generic,,Peter Michael Lerdrup,Adm. Direktør,50 50 80 50,restaurant,26382122,01-01-2002,11
Restaurant Kohalen ApS,Aarhus C,8000,"Jægergårdsgade 164 A, st.",https://kohalen.dk/,osm,,rated,4,desktop header menu breaks: stacked links overlap logo; black hero with security-error text over title,,,,86 12 14 81,restaurant,43178369,05-04-2022,14
Restaurant Lazio ApS,Vanløse,2720,Godthåbsvej 191,https://restaurant-lazio.dk/,osm,,rated,4,"mobile view broken (content cut off, no hamburger menu); template otherwise decent",,Aldo Ali Kerpic,Direktør,38 87 35 93,restaurant,40589171,14-06-2019,4
Restaurant Møllesøen ApS,Jelling,7300,Hopballevej 56,https://www.moellesoeen.dk/,osm,,rated,4,generic Elementor template; many menus as PDF; blurry hero behind cookie box,,Jane Bavnehøj Larsen,Direktør,,,41000686,11-12-2019,22
Restaurant Odense Golf Klub ApS,Odense SØ,5220,Hollufgårds Allé 21,https://odensegolfklubsrestaurant.dk/,osm,,rated,4,serif WordPress template; mobile overflow and logo overlaps text; clunky layout,,René Brun Pedersen,Direktør,21 30 85 41,restaurant,37100102,22-09-2015,15
Restaurant Pilegården ApS,Vig,4560,Lyngvej 127,https://pilegarden.dk/,osm,,rated,4,boxed older layout; cookie banner dominates; cheap stock photo; Dandomain; closed notice in heavy bold text,,Helle Junker Jønsson,Direktør,,,41499133,07-07-2020,1
Restaurant Skovlyst ApS,Faaborg,5600,Odensevej 169,https://skovlyst.dk/,guess,,rated,4,dated bootstrap look; text-shadow headings; rounded green boxes; heavy dated cookie overlay,,Peter Anthony,Adm. Direktør,,,43985094,03-04-2023,1
Restaurant da Angelo ApS,Ry,8680,"Bytorvet 20, st.",https://www.da-angelo.dk/,osm,,rated,4,plain template; default Times headings; beige flat look; dated typography; mobile overflow flagged,,Mazin Emanuel Yako,Direktør,86 89 30 99,restaurant,45512320,25-03-2025,7
Restaurant von Edel ApS,Tisvildeleje,3220,Hovedgaden 66 E,https://www.restaurantvonedel.dk/,osm,,rated,4,"Wix with Arial default, hero text cut off and horizontal overflow on mobile; closed notice",,Marie Kæmpe baronesse von Lotzbeck,Direktør,53 77 20 70,restaurant,44229005,10-08-2023,10
Restauranten Kallehavegaard Badehotel ApS,Thorsø,8881,Møllevej 36,https://www.kallehavegaard.dk/,guess,,rated,4,"mobile view overflows (cut off); Arial default; basic Wix template, little content",,Karsten Jensen,Direktør,,,45019322,15-08-2024,6
The Olive ApS,København K,1165,Nørregade 22,https://www.theolive.dk/,guess,,rated,4,Wix split layout with fixed left sidebar; mobile view broken/cropped (desktop layout cut off); Arial default text; nice photo though,,William Taylor Smith,Adm. Direktør,33 93 81 10,restaurant,37235695,18-11-2015,39
ASIA RESTAURANT MIDDELFART ApS,Middelfart,5500,Østergade 50,https://www.asia-restaurant.dk/middelfart/,search,,rated,5,Helvetica Light default font; template-like with cropped low-res photo; oversized headings with loose spacing; only 3-4 images,,Anna Si,Direktør,64 40 61 40,restaurant,33773153,28-06-2011,19
ASIA RESTAURANT ODENSE ApS,Odense M,5230,"Tagtækkervej 8, st.",https://www.asia-restaurant.dk/odense/,search,,rated,5,Helvetica Light default font; template-like with cropped low-res photo; oversized headings with loose spacing; only 3-4 images,,Pin Sing Si,Direktør,,,34595100,18-06-2012,17
ASIA RESTAURANT ÅRHUS ApS,Viby J,8260,Viby Ringvej 4 A,https://www.asia-restaurant.dk/aarhus/,search,,rated,5,Helvetica Light default font; template-like with cropped low-res photo; oversized headings with loose spacing; only 3-4 images,,Pin Sing Si,Direktør,87 47 55 55,restaurant,33772904,28-06-2011,24
Asia Restaurant Svendborg ApS,Svendborg,5700,Vestergade 167 K,https://www.asia-restaurant.dk/svendborg/,search,,rated,5,Helvetica Light default font; template-like with cropped low-res photo; oversized headings with loose spacing; only 3-4 images,,Pin Sing Si,Direktør,,,37656313,29-04-2016,20
Cafe Korn ApS,Roskilde,4000,"Skomagergade 2, 1.",https://cafekorn.dk/cafe-korn-trekroner-2/,osm,,rated,5,opened URL is a 404 page; cookie popup hides design; unsure,,Henrik Poulsen,Direktør,23 44 15 70,restaurant,37448699,12-02-2016,285
Cafe Sundet Restaurant ApS,Hvidovre,2650,Hvidovre Strandvej 31 H,https://cafesundet.dk/,search,,rated,5,Elementor dark overlay with serif menu; popup says cafe temporarily closed; generic,,Suat Dag,Adm. Direktør,39 29 30 35,restaurant,42207225,05-03-2021,6
Café & Restaurant La Viva Kalundborg ApS,Kalundborg,4400,Vænget 21,https://laviva.dk/kalundborg/,osm,,rated,5,"standard Elementor template; desktop header glitchy, dead video box",,Davut Yilmaz,Direktør,32 20 51 20,restaurant,38027891,21-09-2016,20
GOLDEN HOUSE RESTAURANT ApS,Randers C,8900,Thors Bakke 2,https://golden-house.dk/,osm,,rated,5,generic Elementor template; dark and cluttered,,Shaoying Chen,Direktør,65 90 88 88,restaurant,34602352,20-06-2012,15
Guangzhou Dimsum Restaurant ApS,Aalborg SV,9200,"Vandmanden 5 A, 12",https://guangzhoudimsum.dk/,guess,,rated,5,generic template; Times default font; basic header,,Yong Xing Xia,Direktør,,,44895587,12-06-2024,5
Hos Oliver Café Restaurant ApS,Hørning,8362,Vester Alle 2 R,https://hosoliver.dk/,osm,,rated,5,"generic Foodlyon online-ordering template; stock-like icons, little own branding",,Hüseyin Sisman,Direktør,42 61 24 13,restaurant,43701053,09-12-2022,15
II Forno Pizza & Restaurant ApS,Herlev,2730,Dildhaven 51,https://www.ilfornopizza.dk/,osm,,rated,5,generic online-ordering platform page; no own design; placeholder images,,Ergin Yapici,Adm. Direktør,,,41837284,11-11-2020,4
Il Gabbiano restaurant og café ApS,Nivå,2990,Tjørnen 114,https://ilgabbiano.dk/,osm,,rated,5,generic Elementor; mixed default Times-like serif headings; cramped,,,,39 65 67 05,restaurant,41565306,01-08-2020,7
Langelinie-P Aps,København Ø,2100,Langelinie 10,https://langelinie.dk/,search,,rated,5,"dark splash with cookie popup; minimal content, 5 tables, little imagery visible; unsure",,Jens Junert,Direktør,33 12 12 14,restaurant,36901764,22-05-2015,46
Liman Restaurant ApS,Ishøj,2635,Søhesten 30,https://www.restaurantliman.dk/,osm,,rated,5,nav overlaps Ring til os box at top-left; generic template; nice food photo,,Fehmi Yilmaz,Direktør,53 81 26 35,restaurant,39312557,25-01-2018,15
MJ Gothersgade ApS,København K,1123,Gothersgade 26,https://www.mojoe.cafe/,search,,rated,5,"plain dark green template, empty hero area, three buttons only; old jQuery",,Andreas Rudbæk Rabitz Bigum Firlings,Direktør,,,42976237,13-01-2022,44
Pincho Nation A/S,København K,1174,Rosengården 18,https://www.pinchonation.dk/,osm,,rated,5,generic site; cookie banner covers page; plain hero (unsure),,Flemming Kirstein Christophersen,Direktør,38 80 10 38,restaurant,38602470,20-04-2017,224
Proud Mary ApS,København K,1159,Skindergade 7,https://proudmarypub.dk/en,osm,,rated,5,bare dark gateway with three city cards; modern but no content or imagery,,Jonathan Andreas Grumme,Direktør,31 34 18 76,restaurant,41215933,02-03-2020,134
RDLA Restaurant ApS,København K,1169,Store Kannikestræde 15,https://detlilleapotek.dk/,search,,rated,5,"nice location photo but blackletter gimmick, default Times body font, Divi template",,Ann Christina Haar Krag,Direktør,33 12 56 06,restaurant,41037369,18-12-2019,22
RESTAURANT ASIA ApS,Brønderslev,9700,Algade 90-92,https://asiabuffet.dk/,osm,,rated,5,screenshot blank (animation/preloader); modern CSS signals; unsure,,Lidan Ji,Direktør,28 55 38 88,restaurant,32325971,25-11-2013,13
RESTAURANT DRAGON CITY ApS,Randers SV,8940,"Gl. Stationsvej 9, st.",https://dragoncity-randers.dk/,osm,,rated,5,standard Elementor template; generic buffet photos,,Aifang Lin,Direktør,86 46 68 88,restaurant,34043183,01-11-2011,9
RESTAURANT GISSELØRE A/S,Kalundborg,4400,Radiovej 2,https://restaurant-gisseloere.dk/,osm,,rated,5,"plain black hero, mostly empty first view; old jQuery 1.12; copyright 2021; generic template",,Julia Kjærulff Lindholm Wittrock,Adm. Direktør,59 51 07 45,restaurant,29634041,29-06-2006,9
RESTAURANT GUSTO GIUSTO ApS,Roskilde,4000,Jernbanegade 19,https://www.gustogiusto.dk/,osm,,rated,5,"dark minimal template; default Arial body text; thin content, little imagery visible",,Karina Juul Mathiesen,Direktør,46 32 73 77,restaurant,26026245,08-05-2001,4
RESTAURANT HVIID'S VINSTUE VEJLE ApS,Vejle,7100,Violvej 26,https://www.hviids.dk/,osm,,rated,5,"quirky left sidebar with blackletter logo, drab brown wavy background, text heavy",,René Hviid,Adm. Direktør,75 83 25 10,restaurant,36400641,07-10-2014,6
RESTAURANT LILLEHEDEN ApS,Hirtshals,9850,Hjørringgade 2,https://www.restaurantlilleheden.dk/,search,,rated,5,cookie popup hides page; Divi site with jQuery 1.12 and PDF menu; header looks clean but unsure,,Christoffer Dahl Ramberg,Adm. Direktør,98 94 45 38,restaurant,28330057,20-01-2005,61
RESTAURANT LØKKEN BADEHOTEL ApS,Løkken,9480,"C/O Michael Larsen, Skoleparken 7",https://restaurantlb.dk/,osm,,rated,5,decent hotel template but raw video error text visible; heavy cookie popup,,Michael Larsen,Direktør,60 67 10 80,restaurant,29414041,08-03-2006,46
RESTAURANT MØLLEHUSET ApS,Frederikshavn,9900,Skovalleen 45,https://mollehuset.dk/,osm,,rated,5,boxed layout; blurred hero image; generic WordPress theme; menu partly PDF,,Alfred Franz Pichler,Direktør,98 43 44 00,restaurant,28867611,01-07-2005,30
RESTAURANT OKSEN ApS,Horsens,8700,Grønnegade 3,https://oksen-horsens.dk/,osm,,rated,5,"generic dark WordPress/Elementor template, hero mostly empty; horizontal overflow on mobile",,Alex Pedersen,Direktør,75 62 69 00,restaurant,29630488,28-06-2006,31
RESTAURANT PAPATYA ApS,Holstebro,7500,Den Røde Plads 33,https://www.papatya.dk/,osm,,rated,5,cookie overlay hides design; old jQuery 1.8; dark minimal hero (unsure),,Gürkan Yatan,Adm. Direktør,,,31939259,16-01-2009,21
RESTAURANT PONDUS ApS,Aarhus C,8000,"Åboulevarden 51, st.",https://www.restaurantpondus.dk/,guess,,rated,5,generic template; Arial text over busy photo; closed-indefinitely popup,,Rene Mammen,Direktør,,,32785816,11-03-2010,16
RESTAURANT SHANGRILA VEJLE ApS,Vejle,7100,"Flegmade 9 B, st.",https://restaurant-shangrila.dk/,osm,,rated,5,dark generic template; hero text animation loads blank/dark; long menu bar; heavy and plain on mobile,,Xinhui He,Direktør,75 82 81 88,restaurant,36023228,24-06-2014,30
RESTAURANT SKINDBUKSEN ApS,København K,1256,"C/O Bendtsen Law Advokatanpartsselskab, Amaliegade 22, 1.",https://skindbuksen.dk/,guess,,rated,5,"older boxed Divi layout, blackletter logo, large static hero; copyright 2021",,Henrik Lava Sand Rasmussen,Direktør,33 12 90 37,restaurant,34602794,29-06-2012,10
RESTAURANT SØGAARDEN ApS,Sunds,7451,Søgårdvej 1,https://www.sogaardensunds.dk/,search,,rated,5,"generic Divi template; broken hero video shows raw 'source not found' error text over nav; dark and heavy, mobile OK",,Kristian Ostenfeldt Jensen,Direktør,97 14 10 24,restaurant,30903447,20-09-2007,65
RESTAURANT SØLYST 2010 ApS,Skanderborg,8660,Sølystvej 32,https://restaurant-soelyst.dk/,osm,,rated,5,"functional Divi site, mixed fonts, low-res hero photo; old jQuery",,Ole Lundgaard Jensen,Direktør,,,32932967,18-05-2010,9
RESTAURANT VARNA ApS,Aarhus C,8000,Ørneredevej 3,https://varna.dk/wp-content/uploads/2020/10/restaurant-scaled.jpg,osm,,rated,5,opened URL redirected to a bare jpg; real site varna.dk is Avada WordPress (unsure),,Palle Probst-Enevoldsen,Direktør,86 14 04 00,restaurant,32766943,04-02-2010,36
Restaurant Anarki ApS,Frederiksberg C,1900,Vodroffsvej 47,http://restaurant-anarki.dk/anarki/,osm,https://www.facebook.com/restaurantanarki/,rated,5,opened URL is a 404 subpage; root site looks modern split layout; unsure,,Dan Rauhe Christensen,Direktør,22 13 11 34,restaurant,37080667,10-09-2015,11
Restaurant Bardolino ApS,Asnæs,4550,Asnæs Centret 12,https://bardolino.dk/,guess,,rated,5,cluttered pizza-deal hero; generic template; busy,,Gokhan Arabaci,Direktør,,,44531208,02-01-2024,16
Restaurant Bondestuen ApS,Odense C,5000,Sdr. Boulevard 85,https://restaurantbondestuen.dk/,guess,,rated,5,traditional Danish look with heavy tiled layout and popups; functional but busy,,Jon Brændeholm Tølbøll,Direktør,,,40741569,27-08-2019,13
Restaurant Den Gyldne Hane ApS,Kolding,6000,Christian 4 Vej 23,https://restdengyldnehane.dk/,osm,,rated,5,cramped double-row nav; generic template; ok photos,,Liselotte Lind Kirkely,Adm. Direktør,,,45184374,03-11-2024,25
Restaurant Fjorden ApS,Nakskov,4900,Hestehovedet 5,https://restaurant-fjorden.dk/,search,,rated,5,Elementor template with hero photo but logo placeholder box missing; cookie popup hides rest; unsure,,Thomas Fugl,Direktør,,,45517349,04-04-2025,31
Restaurant Flakfortet på Øen i Øresund ApS,København S,2300,Kløvermarksvej 34,https://flakfortet.com/konference-moede/,osm,,rated,5,opened page shows Lorem ipsum placeholder and 'Overskrift' heading; otherwise standard WP theme,,Nicolaj Richs-Jensen,Direktør,32 96 08 00,restaurant,41411287,05-06-2020,9
Restaurant Gl. Daws ApS,Varde,6800,Smedegade 4,https://gldaws.dk/,osm,,rated,5,"text-only centred intro, empty grey band, no imagery above fold; plain template",,Malene Fjord Schantz,Direktør,81 81 38 04,restaurant,38107933,13-10-2016,18
Restaurant Havgus ApS,Aabybro,9440,Bakkedraget 2,https://www.havgus.dk/,guess,,rated,5,dark minimal site; broken video fallback text overlapping headline; wellness/sauna business,ownership of site not fully confirmed,Sabrina Willer Schmidt,Adm. Direktør,,,44716070,21-03-2024,28
Restaurant Holms ApS,Middelfart,5500,Algade 60 A,https://restaurant-holms.dk/,osm,,rated,5,"minimal template with empty hero image area, little imagery",,Liselotte Bøhm Barfoed,Adm. Direktør,64 41 01 31,restaurant,43299425,01-06-2022,14
Restaurant Hua Yang ApS,Ringsted,4100,Køgevej 24,https://www.huayang.dk/,guess,,rated,5,generic dark template; no photos above fold; old jQuery,,Hanbin Chen,Adm. Direktør,,,44395444,26-10-2023,11
Restaurant HuangCheng ApS,Ølstykke,3650,Ørnebjergvej 2,https://huangcheng3650.dk/,guess,,rated,5,"standard Bootstrap template, black empty hero slider, generic",,Qifa You,Adm. Direktør,,,43658158,21-11-2022,18
Restaurant Indelukket ApS,Silkeborg,8600,Åhave Allé 9 C,https://www.restaurantindelukket.dk/,osm,,rated,5,Google Sites template with left sidebar; strong dish photo but generic,,Rasmus Roed Nilsson,Direktør,86 82 61 79,restaurant,43887920,02-03-2023,16
Restaurant Katsura ApS,Brønshøj,2700,Frederikssundsvej 308,https://copoke.dk/,search,,rated,5,only a location picker page; generic with repeated photo,ownership of site not fully confirmed,Xiaoli Zhang,Adm. Direktør,,,41303492,09-04-2020,28
Restaurant LAVA ApS,Hvide Sande,6960,Metheasvej 3,https://restaurant-lava.dk/,osm,,rated,5,branded header but body blank in screenshot; cookie banner; unsure,,Mohamad Chbabo,Direktør,60 46 16 11,restaurant,43730894,21-12-2022,6
Restaurant Lara ApS,Fredericia,7000,"Gothersgade 47, st. th",https://restaurantlara.dk/,osm,,rated,5,"generic template; low contrast grey headline on dark hero, weak photos",,Fidan Boran Cetin,Direktør,71 10 00 21,restaurant,42765031,14-10-2021,9
Restaurant Linden ApS,Holbæk,4300,Markedspladsen 9,https://maurizios.dk/,osm,,rated,5,"dated serif look, age-gate popup, shop-oriented; menu PDF",ownership of site not fully confirmed,René Steen Edelslund,Adm. Direktør,,,39575256,03-05-2018,7
Restaurant MAST ApS,Middelfart,5500,Havnegade 8 C,https://restaurantmast.dk/,osm,,rated,5,generic WordPress theme; broken Tripadvisor image; overlays and popups,,Henrik Skafte Schultz,Direktør,40 86 22 27,restaurant,40173269,15-01-2019,17
Restaurant Mellow ApS,Lemvig,7620,Søgårdevejen 6,https://restaurantmellow.dk/,osm,,rated,5,plain hero with grey overlay and no visible image; menu as PDF; generic,,Ismail Aydoganer,Direktør,,,44348217,04-10-2023,10
Restaurant Mhanna ApS,Aalborg,9000,Kastetvej 67,https://www.mhanna.dk/,osm,,rated,5,"cookie popup covers page on both views; dark custom ordering site, old jQuery 1.8",,Mehdi Mhanna,Direktør,98 12 12 15,restaurant,41247134,12-03-2020,6
Restaurant Mundo ApS,Aarhus C,8000,"Rosensgade 28, st. tv",https://www.restaurantmundo.dk/,osm,,rated,5,"sparse dark hero, almost no imagery; menus as PDF",,Martin Børgesen,Direktør,81 35 28 18,restaurant,44723212,24-03-2024,32
Restaurant Nepali Bhancha ApS,København K,1366,"Nansensgade 24, kl. th",https://nepalibhancha.dk/,osm,,rated,5,generic theme; red Arial slider text with shadow looks dated; decent food photo,,Prakash Bista,Direktør,70 60 42 62,restaurant,39759063,01-08-2018,7
Restaurant SL ApS,Odense C,5000,"C/O Stéphane Libourel, Pogestræde 31 A, st. th",https://www.restaurantsl.dk/,osm,,rated,5,Webnode builder template; generic hero photo; underlined default links,,Stéphane Søholm Libourel,Direktør,23 37 00 04,restaurant,36396024,16-09-2014,3
Restaurant Skovshoved ApS,Hvidovre,2650,"C/O Stina Madsen, Ketilstorp Alle 45",https://www.skovshovedkro.dk/,osm,,rated,5,generic template; broken video placeholder; thin,ownership of site not fully confirmed,Casper Juul Johansen,Direktør,23 41 02 67,restaurant,43033751,02-02-2022,2
Restaurant Smørgåsen ApS,Frederikshavn,9900,"C/O Tommy Toft, Glentevej 6",https://smorgaasen.dk/,osm,,rated,5,sidebar-nav builder template; cookie popup; ok but generic,,Tommy Toft,Direktør,40 59 84 77,restaurant,36711434,13-04-2015,21
Restaurant Sprød ApS,Holstebro,7500,"C/O Aytac Akkaya, Enghaven 35",https://restaurant-sproed.dk/,osm,,rated,5,dark photo hero with side menu overlay; button text wraps awkwardly; Elementor,,Aytac Akkaya,Direktør,97 40 20 20,restaurant,37784745,09-06-2016,46
Restaurant Sundby Sejl ApS,Dragør,2791,Sophus Falcks Alle 22,https://restaurantsundbysejl.dk/,osm,,rated,5,generic Bootstrap template; carousel; thin content; basic,,Jørgen Michelsen,Direktør,45 88 77 77,restaurant,35049487,27-02-2013,19
Restaurant Suserup ApS,Sorø,4180,Suserupvej 7 A,https://www.suserup.dk/,guess,,rated,5,very thin page: one banner photo and welcome line; plain Divi,,Michael Richoff Jensen,Adm. Direktør,53 69 83 87,restaurant,43922165,07-03-2023,15
Restaurant Tullio ApS,Rønde,8410,Hovedgaden 28,https://www.restauranttullio.dk/,osm,,rated,5,generic builder template; wide-spaced hero text with cyan numbers; weak look,,Jwan Ismat Hesso,Direktør,41 81 30 20,restaurant,41486937,02-07-2020,12
Restaurant UVA ApS,København K,1057,"Holbergsgade 17, st. th",https://www.restaurant-uva.dk/,search,,rated,5,Wix site with big wine landscape photo; mobile hero and nav cropped; serif styling ok,,Henrik Appel Esbensen,Adm. Direktør,,,45398986,11-02-2025,14
Restaurant og Motel Tylstrup Kro K/S,Tylstrup,9382,Tylstrupvej 36,https://tylstrup-kro.dk/restaurant.html,osm,,rated,5,generic Elementor template; tested URL returns 404 (root site otherwise ok),,Tina Stenderup Jensen,Direktør,98 26 15 66,restaurant,41140534,05-02-2020,28
Royal Buffet Restaurant ApS,Randers SØ,8960,Marsvej 26,https://royalbuffet.dk/,osm,,rated,5,"Elementor template with cherry-blossom clip-art, heavy red nav, generic",,Shaoying Chen,Direktør,87 50 80 80,restaurant,39144395,07-12-2017,13
Silocph ApS,Nordhavn,2150,"Helsinkigade 29, 17.",https://silocph.dk/,guess,,rated,5,dark template; menus as PDF; video media error shows raw text; plain,,Michael Rønnebæk-Rørth,Direktør,,,41172452,17-02-2020,43
Susuki Sushi Restaurant ApS,Frederiksværk,3300,Torvet 4,https://www.susukisushi.dk/,guess,,rated,5,"dark flat landing with big text, almost no photos; old jQuery",,Lucian Ianus,Adm. Direktør,,,42216453,11-03-2021,9
TAKII RESTAURANT ApS,København N,2200,Jagtvej 113,https://www.takii.dk/,guess,,rated,5,generic dark template; no photos above fold; sparse,,Xiewu Zhang,Direktør,23 23 88 78,restaurant,34209138,11-01-2012,11
Takuya Restaurant ApS,København V,1651,"Reventlowsgade 16, st. 4",https://www.takuya.dk/,guess,,rated,5,generic dark template; no photos above fold; sparse; old jQuery,,Chunsong Chen,Direktør,,,36424362,04-11-2014,7
VIVALDI GRUPPEN A/S,Slagelse,4200,Sorøvej 82,https://www.cafe-vivaldi.dk/,osm,,rated,5,"sidebar-menu layout, somewhat dated; decent photo; mobile OK",,Mustafa Deliktas,Direktør,58 50 06 00,restaurant,27231802,01-07-2003,607
Ærøskøbing Hotel og Restaurant ApS,Ærøskøbing,5970,Smedegade 33,https://xn--rrgeri-oua9lb.dk/,osm,,rated,5,blocky basic layout; heavy blue sections; generic,,Manja Emilie Mikkelsen,Direktør,62 52 40 07,restaurant,43661507,12-11-2022,6
Alchemist ApS,København K,1432,Refshalevej 173 C,https://alchemist.dk/,osm,https://www.facebook.com/Alchemist.CPH/,rated,6,artistic concept site but low-contrast nav and tiny text; frame-based; unusual,,Rasmus Munk Møller Thomassen,Direktør,31 71 61 61,restaurant,36890207,11-05-2015,95
Asia Restaurant Nyborg ApS,Nyborg,5800,"Frisengårdsvej 5 C, st.",https://restaurantasia.dk/,guess,,rated,6,modern React site with big photo hero,ownership of site not fully confirmed,Pin Sing Si,Adm. Direktør,,,38469363,07-03-2017,18
Boran Thai Restaurant ApS,Aarhus C,8000,Sønder Allé 20,https://www.boranthai.dk/,guess,,rated,6,dark modern look; dim blurry hero; generic,,Lasse Tang Westh-Overgaard,Direktør,,,42875473,02-12-2021,4
Bouillon ApS,Vejle,7100,Friis Hansens Vej 5,https://restaurantbouillon.dk/,proff,https://www.facebook.com/BouillonAarhus/,rated,6,modern design behind cookie blur; clean,,Torben Klitbo,Direktør,21 44 02 31,restaurant,43718673,07-06-2023,103
CAFE MAURITZ ApS,Odense SØ,5220,"Vildrosevej 15, st.",https://cafemauritz.dk/,guess,,rated,6,decent modern WordPress site with big hero photo; cluttered nav and chat widget,,Hamza Altinok,Direktør,73 70 97 98,restaurant,30518330,20-12-2007,126
CAFÉ K ApS,Randers SØ,8960,Sanglærkevej 10,https://randers.cafe-k.dk/,osm,,rated,6,"modern look, big burger photo; thin content, pill buttons",,Søren Schack Hansen,Direktør,86 47 41 00,restaurant,33048025,28-06-2010,119
CHRISTIANSHAVNS FÆRGECAFE ApS,København K,1406,"C/O Christianshavnerfærgen m/f, Christianshavns Kanal 3",https://faergecafeen.dk/,osm,,rated,6,good photo hero; Georgia serif body,,Erik Frandsen,Adm. Direktør,32 54 46 24,restaurant,34691665,22-08-2012,42
COMWELL H.C. ANDERSEN ODENSE A/S,Odense C,5000,Claus Bergs Gade 7,https://butchersclub.dk/odense,osm,,rated,6,modern dark Next.js site; hero mostly logo,ownership of site not fully confirmed,Ninna Stæhr-Petersen,Direktør,66 14 78 00,restaurant,29516200,21-04-2006,137
COPENHAGEN FOOD COLLECTIVE ApS,København V,1620,"Vesterbrogade 17, 1. tv",https://cofoco.dk/da,search,,rated,6,modern group site with custom type; only cookie popup seen,,Christian Lytje,Direktør,,,29206600,12-12-2005,240
Dag H Restaurant & Lounge ApS,København K,1201,"Læderstræde 9, 4.",https://www.dagh.dk/forside/,osm,,rated,6,decent modern layout; popup covers hero,,Samad Shirani,Direktør,35 27 63 00,restaurant,41165456,14-02-2020,23
Driftselskabet Restaurant Vita ApS,København K,1264,"Store Kongensgade 25, st.",https://restaurantvita.dk/,search,,rated,6,dark hero photo with template feel; cookie banner covers (unsure),,Mossad Merghany Ibrahim,Direktør,,,39134454,01-12-2017,24
EMMERYS ApS,Valby,2500,Trekronergade 147 B,https://emmerys.dk/butik/emmerys-godthabsvej-28/,osm,,rated,6,URL is a 404 page but surrounding brand site looks modern,,Shahriar Bakhshpour,Adm. Direktør,36 13 06 70,restaurant,33388446,01-01-2011,639
EVENUES ApS,København K,1302,Dronningens Tværgade 2,https://www.evenues.dk/,guess,,rated,6,cookie popup covers page; dark site; unsure,ownership of site not fully confirmed,Allan Hansen,Direktør,,,42580635,05-08-2021,63
FLAMMEN A/S,Kolding,6000,Skovvangen 57,https://restaurant-flammen.dk/restauranter/kolding/,osm,,rated,6,decent modern chain-style site; cookie popup hides most,,Piet Klein,Direktør,44 22 33 56,restaurant,32299687,14-10-2009,938
FONDEN LO-SKOLEN HELSINGØR,Helsingør,3000,Erling Jensens Vej 1,https://cafeskovbrynet.dk/,osm,,rated,6,clean minimal WordPress template; popup hides content; decent photo,,Henrik Ingemand Sørensen,Direktør,49 28 09 00,restaurant,19765318,23-02-1968,9
FREDERIKSBORGCENTRET'S RESTAURANTER ApS,Hillerød,3400,Milnersvej 39,https://royalstage.dk/,search,,rated,6,standard event-venue site; slider with ad graphics,ownership of site not fully confirmed,Peter Følbæk Nielsen,Adm. Direktør,48 20 91 35,restaurant,32669964,11-01-2010,5
Fovl ApS,København NV,2400,Rentemestervej 80,https://www.flerefugle.dk/fovl,guess,,rated,6,clean but simple; broken video hero (media error); PDF menu,,Marie Nebel Smidt,Adm. Direktør,22 43 67 39,restaurant,37363464,01-01-2016,130
Frank Gruppen ApS,Frederiksberg,2000,Solbjergvej 10,https://restaurantfrank.dk/,search,,rated,6,custom minimal dark design; cookie popup covers it; menu as PDF; unsure,,Anders Aagaard Jensen,Direktør,,,41312114,22-04-2020,91
Fuzhou Restaurant ApS,Holstebro,7500,Lavhedevej 52,https://fuzhou-restaurant.dk/,osm,,rated,6,standard builder template; decent hero photo; Elementor feel,,Quan Jinmei Hu,Direktør,97 40 58 58,restaurant,43331620,15-06-2022,11
Havnens Pizza Restaurant ApS,Thyborøn,7680,Havnegade 30 B,https://www.havnenspizza.dk/,guess,,rated,6,clean modern typographic design with Fraunces serif and strong CTA; no photography at all,,Mahir Seker,Adm. Direktør,97 83 10 40,restaurant,43712373,14-12-2022,3
Il Nuova Bistro Restaurant & Cafe ApS,Skovlunde,2740,Lilletoften 129 A,https://trattorianuovaitalia.dk/,osm,,rated,6,"Divi template, decent photos",,Serif Benek,Direktør,36 72 40 00,restaurant,43848046,11-02-2023,8
India Royale ApS,Kgs. Lyngby,2800,Lyngby Hovedgade 51,https://indiaroyale.dk/,osm,,rated,6,"moody food hero, serif headings; reasonably modern",,Raman Arora,Direktør,45 41 40 42,restaurant,36975636,29-07-2015,114
Jagger Junk ApS,København S,2300,"C/O Financial Outsourcing A/S, Raffinaderivej 10 E",https://jagger.dk/,osm,,rated,6,clean minimal design; hero empty in screenshot; menu PDF,,Esben Bay Jørgensen,Adm. Direktør,,,37319627,16-12-2015,523
Jalsa Indisk Restaurant Randers ApS,Randers C,8900,Storegade 13,https://jalsa.dk/,guess,,rated,6,dark ornamental theme; privacy popup hides the page (unsure),,Santosh Dayaram Sharma,Direktør,22 31 87 11,restaurant,45056260,05-09-2024,10
Jerry's Restaurant & Bryghus ApS,Frederikshavn,9900,Amaliegade 2,https://jerrys.dk/,osm,,rated,6,good hero photo but generic layout,,Erik Hauch,Direktør,,,37810681,20-06-2016,12
KNUDHULE BADEHOTEL ApS,Ry,8680,Randersvej 88-90,https://knudhule.dk/menuer/frokost/frokost-foraar/,osm,,rated,6,clean modern hotel template; large logo and sparse header spacing,,Søren Anders Kalstrup,Direktør,86 89 14 07,restaurant,32318738,24-04-2013,68
King Restaurant Esbjerg ApS,Esbjerg,6700,Skolegade 20,https://namasteesbjerg.dk/,osm,,rated,6,full-screen hero photo; decent but menus as PDF,,Zongqiu Cao,Adm. Direktør,40 83 67 48,restaurant,29217475,22-12-2005,9
Love of Taste ApS,Slagelse,4200,Elmedalsvej 8,https://cafelove.dk/,guess,,rated,6,modern dark theme; promo popup covers page,,Ulrik Møllergaard,Direktør,,,40549404,22-05-2019,41
Luxus Restaurant ApS,Herning,7400,Tjørring Hovedgade 41,https://luxusrestaurant.dk/,osm,,rated,6,"moody photo hero, ok template; many PDF menus",,Mohammad Jamal Rahimi,Direktør,97 12 12 15,restaurant,43695487,06-12-2022,13
Madklubben Aarhus ApS,Frederiksberg,2000,Solbjergvej 10,https://www.madklubben.dk/,guess,,rated,6,modern group site with dark-cookie popup; template,ownership of site not fully confirmed,Anders Aagaard Jensen,Adm. Direktør,,,39720930,11-07-2018,279
Minjiang Restaurant ApS,Aalborg,9000,Strandvejen 35 C,https://minjiang.dk/,osm,,rated,6,"modern one-page hero with building photo, clear CTAs; generic template",,Daowei Sun,Direktør,53 70 63 99,restaurant,40383220,27-03-2019,12
PS Bar & Grill City A/S,København K,1112,"C/O Sovino Brands, Pilestræde 10",https://city.psbargrill.dk/,search,,rated,6,bold dark/green branding; cookie popup hides most; PDF menus,,Paulo Benjamin Guimaraes,Direktør,70 70 10 85,restaurant,35032452,21-01-2013,63
PS Restaurant Holding ApS,København K,1112,"C/O Sovino Brands, Pilestræde 10",https://city.psbargrill.dk/,search,,rated,6,cookie overlay hides design; black and green branded look (unsure),,Paulo Benjamin Guimaraes,Direktør,33 12 13 45,restaurant,37252638,25-11-2015,2
Palægade 2.0 ApS,København K,1261,"Palægade 8, st. th",https://formelbgroup.dk/palaegade/,osm,,rated,6,"dark minimal, cookie modal hides most; looks ok",,Rune Amgild Jochumsen,Direktør,70 82 82 88,restaurant,41308605,22-04-2020,61
Panca Peruvian Rolling Restaurant ApS,Taastrup,2630,Skolevej 28,https://panca.dk/,guess,,rated,6,modern one-pager; hero image overlay a bit murky,,Simon Brammer Hansen,Direktør,61 72 47 09,restaurant,37512974,02-03-2016,1
Peking Restaurant ApS,Sønderborg,6400,"Jernbanegade 49, 1",https://pekingrestaurant.dk/,osm,,rated,6,"good interior photo hero, simple modern template",,Liqun Hu,Direktør,75 34 88 88,restaurant,45513165,02-04-2025,17
"RESTAURANT BANGS HAVE, MARIBO ApS",Maribo,4930,Bangshavevej 23,https://www.bangshave.dk/,osm,,rated,6,"decent serif template, nice scenic hero",,Jesper Bjørn Kaad,Direktør,54 78 19 11,restaurant,32675581,21-01-2010,20
RESTAURANT CARLTON AF 2007 ApS,Ishøj,2635,Birkevej 21,https://www.carlton.dk/,guess,,rated,6,"clean brasserie landing page with logo and hero; thin content, flat grey hero",ownership of site not fully confirmed,Ilter Baran,Direktør,,,30914945,01-10-2007,
RESTAURANT FUSION A/S,Aalborg,9000,"Strandvejen 4, st. tv",https://restaurantfusion.dk/,search,,rated,6,cookie popup covers page; Elementor/Divi with Poppins and many images; looks modern but not seen in full,,Vinh Quoc Du,Direktør,35 12 33 31,restaurant,31769809,02-07-2008,29
RESTAURANT GRØNNEGADE 39 ApS,København K,1107,Grønnegade 39,https://www.groennegade.dk/,osm,,rated,6,clean modern WordPress site with good food photography,,Ulrik Doré Stig Petersen,Direktør,33 93 31 33,restaurant,26903793,21-11-2002,14
RESTAURANT GRØNTORVET ApS,Odense C,5000,Grønløkken 1,https://xn--restaurantgrnttorvet-mcc.dk/,search,,rated,6,decent custom layout with sidebar nav and large hero photo; slightly heavy sidebar,,Henrik Ehlers Nielsen,Direktør,63 13 11 45,restaurant,28496184,01-02-2005,21
RESTAURANT HUAXIN ApS,Nykøbing F,4800,Nygade 14 B,https://www.huaxin.dk/,guess,,rated,6,"clean modern responsive site, large type; plain red template, little photography above fold",,Annie Chen,Direktør,54 85 22 28,restaurant,31936306,07-01-2009,10
RESTAURANT JA A/S,Holstebro,7500,Toftegade 1,https://restaurant-ja.dk/,search,,rated,6,clean pleasant template with food photos,,Jakob Godsk Jensbye,Direktør,,,40925503,01-11-2019,29
RESTAURANT KANALKROEN ApS,Karrebæksminde,4736,Gammel Brovej 20,https://kanalkroen.com/,osm,,rated,6,serif typography with nice food photo; cookie popup; ok but ordinary,,Kenneth Oppermann Rasmussen,Direktør,55 44 00 10,restaurant,36048174,17-07-2014,30
RESTAURANT MEAT ApS,Aalborg,9000,Vesterå 1,https://restaurantmeat.dk/,osm,,rated,6,"dark food-photo hero, bold typography; slightly generic; popups",,Gitte Jensen,Direktør,20 16 24 91,restaurant,34591113,12-06-2012,32
RESTAURANT MoSo ApS,Espergærde,3060,Gymnasievej 5 C,https://www.moso.dk/,osm,,rated,6,"photo-led responsive site, serif headings; mobile fine",,Oliver Anfeldt Skov,Adm. Direktør,,,44905957,18-06-2024,6
RESTAURANT MÖR ApS,Aarhus C,8000,"Frederiks Plads 20, st.",https://www.xn--mr-fka.dk/,search,,rated,6,"cookie overlay hides design; dark steakhouse look, cramped nav, hero video missing (unsure)",ownership of site not fully confirmed,Ahmad Seif-Eddine,Direktør,60 37 87 40,restaurant,40150870,01-01-2019,18
RESTAURANT ROYAL GARDEN ApS,København K,1302,Dronningens Tværgade 30,https://royalgarden.dk/,osm,,rated,6,dark modern layout; builder-based; cookie banner hides most of page (unsure),,Judy Luu,Direktør,33 15 16 07,restaurant,27017932,10-02-2003,18
RESTAURANT RUDOLF MATHIS A/S,Kerteminde,5300,Dosseringen 13,https://www.rudolf-mathis.dk/,osm,,rated,6,elegant Squarespace template with good hero photo,,Ursula Plato,Direktør,65 32 32 33,restaurant,21810487,21-06-1999,24
RESTAURANT SKOVBAKKEN ApS,Randers C,8900,Østervangsvej 1,https://restaurantskovbakken.dk/,guess,,rated,6,condensed-font Elementor template; cookie modal covers view; looks ok on mobile,,Peder Bjerregaard Mikkelsen,Direktør,86 42 01 80,restaurant,27966772,26-06-2006,27
RESTAURANT SLETTEN ApS,Humlebæk,3050,Gl Strandvej 137 E,https://formelbgroup.dk/sletten/en/,osm,,rated,6,dark group site hero; cookie banner covers page; modern enough (unsure),,Rune Amgild Jochumsen,Direktør,49 19 13 21,restaurant,31772532,06-10-2008,31
RESTAURANT VINDE ApS,Aarhus V,8210,Viborgvej 161,https://restaurantvinde.dk/,guess,,rated,6,"custom looking modern layout, buffet photo hero",,Aifang Lin,Adm. Direktør,,,34887012,10-12-2012,12
RESTAURATIONEN ESPLANADEN 8 ApS,København K,1263,Esplanaden 8,https://bistroboheme.dk/,search,,rated,6,modern clean layout; popups clutter first view,,Per Gisle Thøstesen,Direktør,33 93 98 44,restaurant,30357795,05-03-2007,39
RONG YU RESTAURANT ApS,Skanderborg,8660,Sygehusvej 14,https://www.rongyu.dk/,guess,,rated,6,clean modern template with elegant serif headline; no photos above fold,,Weiwei Zhou,Direktør,,,35393374,02-07-2013,10
Restaurant & Grill Al-sultan ApS,Brabrand,8220,Edwin Rahrs Vej 32 A,https://www.alsultan.dk/,guess,,rated,6,"dark modern layout, ok photography",,Alaa Aldin Mohammad Hamid,Adm. Direktør,,,44042967,27-04-2023,6
Restaurant 1733 ApS,Risskov,8240,Nordre Strandvej 74 A,https://1733.dk/,guess,,rated,6,Divi-style template; good hero photo; menus and takeaway clear,,Martin Callesen Glerup,Direktør,,,25952065,13-03-2001,39
Restaurant Abstrakt ApS,Hirtshals,9850,Sydvestkajen 7,https://restaurantabstrakt.dk/,guess,,rated,6,decent dark template with strong hero; small text overlap in subtitle,,Simon Emil Schiøtt Christensen,Adm. Direktør,,,38943847,15-09-2017,15
Restaurant Anker ApS,Aarhus C,8000,"C/O Restaurant Martino, Fiskerivej 12",https://restaurantanker.dk/,osm,,rated,6,clean modern template with good food photos,,Henrik Skafte Schultz,Direktør,40 86 22 27,restaurant,38870831,21-08-2017,38
Restaurant Anton ApS,København K,1255,"Store Strandstræde 3, st.",https://www.restaurant-anton.dk/home-1,osm,,rated,6,dark burgundy elegant theme; paragraph in default Times serif,,Johan Burich Holck,Adm. Direktør,53 88 08 50,restaurant,42320714,13-04-2021,29
Restaurant Brejning Havn ApS,Børkop,7080,"Brejning Strand 7, st.",https://www.rbhavn.dk/,osm,,rated,6,"simple clean layout, a bit empty and flat",,Lars Hyldsberg Berggreen,Direktør,40 44 59 57,restaurant,45491722,21-03-2025,25
Restaurant COZY ApS,Fredericia,7000,Sanddal Bakke 30,https://cozy-fredericia.dk/,osm,https://facebook.com/cozy.in.fredericia,rated,6,dark hero photo; modern template; cookie banner covers content,,Tina Rødvig,Direktør,41 17 53 22,restaurant,37395838,22-01-2016,17
Restaurant Damende ApS,Haderslev,6100,Fredstedvej 70,https://damende.dk/,osm,,rated,6,clean Elementor layout with good landscape photo,,Lone Krag,Direktør,74 53 20 77,restaurant,40205209,25-01-2019,2
Restaurant Davinci ApS,Hadsund,9560,Havnevej 7,https://vinci.dk/,osm,,rated,6,decent modern slider site with elegant logo; cookie popup covers,,Antonino Severino Oliveto,Direktør,98 57 52 52,restaurant,39674513,18-06-2018,29
Restaurant Den Lille Kro 2023 ApS,Odense C,5000,Benediktsgade 40 B,https://denlillekro.dk/,osm,,rated,6,clean but standard template; popups,,Dennis Bakke Rasmussen,Adm. Direktør,86 86 44 41,restaurant,44438283,16-11-2023,8
Restaurant Equi ApS,Odense SV,5250,Prins Haralds Allé 51 B,https://restaurantequi.dk/,guess,,rated,6,"clean template, nice hero",,Claus Søberg Hansen,Direktør,20 77 88 63,restaurant,38391488,05-02-2017,8
Restaurant Fauna ApS,Aalborg,9000,Musikkens Plads 1,https://musikkenshus.dk/restaurant-fauna,osm,,rated,6,modern but part of Musikkens Hus venue site; restaurant is a subpage,,Rikke Mølgaard Kristensen,Direktør,60 20 31 99,restaurant,37396478,21-01-2016,36
Restaurant Fru Møllers anno 2022 ApS,Odder,8300,"C/O Michele Bøstrup, Bjeragervej 35",https://frumollersmolleri.dk/velkommen-til-fru-moellers-restaurant/,osm,,rated,6,"farm shop template, cookie popup; decent photos but busy header",,Michele Bøstrup,Direktør,,,41622288,18-08-2020,7
Restaurant Glassalen ApS,Frederiksberg C,1800,"C/O FORMEL B AF 2003 ApS, Vesterbrogade 182",https://formelbgroup.dk/glassalen/,osm,,rated,6,cookie popup covers page; dark elegant group site; unsure,,Rune Amgild Jochumsen,Direktør,,,44917882,23-06-2024,30
Restaurant HOS ApS,Odense C,5000,"C/O Jakob Spolum, Kongensgade 65",https://restauranthos.dk/,search,,rated,6,elegant minimal layout with good food photo; letter-spaced text slightly faint,,Jakob Hemme Spolum,Direktør,93 10 00 92,restaurant,40031839,14-11-2018,16
Restaurant Hærværk ApS,Aarhus C,8000,Frederiks Allé 105,https://restaurant-haervaerk.dk/,guess,,rated,6,"modern full-width hero, hamburger menu",,Rune Lund Sørensen,Direktør,28 34 33 70,restaurant,35823603,01-04-2014,10
Restaurant Jin ApS,Herning,7400,Fonnesbechsgade 18,https://restaurantjin.dk/,search,,rated,6,"dark food hero, decent; menu PDF",,Wang Zhao,Direktør,,,37584770,01-04-2016,7
Restaurant K ApS,Skagen,9990,Havneplads 20,https://restaurantk.dk/,osm,,rated,6,decent dark template; clean but standard,,Henrik Brian Jørgensen,Direktør,88 73 07 03,restaurant,45220680,20-11-2024,6
Restaurant Kima ApS,København NV,2400,"Frederiksborgvej 2, st.",https://www.kimakima.dk/,osm,,rated,6,text-heavy menu over blurry video; fine but plain,,Simon Leo Hansen,Direktør,,,44050293,12-05-2023,28
Restaurant Kuplen ApS,Herning,7400,Golfvej 24,https://www.herninggolfcafe.dk/,osm,,rated,6,"clean modern layout, cookie popup in front",,Tekin Yavuz,Direktør,40 59 59 60,restaurant,44226995,31-07-2023,6
Restaurant LFH ApS,Roslev,7870,"C/O Rasmus Overgaard Kardyb, Odden 17",https://limfjordenshus.dk/,search,,rated,6,modern WordPress site; hero video fails to load in capture; clean menu,,Rasmus Overgaard Kardyb,Direktør,97 73 10 01,restaurant,40943552,19-11-2019,25
Restaurant Luna Rossa ApS,Aarhus C,8000,"Fredensgade 22, st. th",https://www.luna-rossa.dk/,osm,,rated,6,"standard Elementor template, decent hero photo",,Jane Ventura,Direktør,86 13 15 17,restaurant,39211319,02-01-2018,9
Restaurant MOB ApS,København K,1205,"Snaregade 4, kl.",https://www.marvogben.dk/,search,,rated,6,Squarespace splash with strong food photo,,Johan Burich Holck,Adm. Direktør,26 75 08 50,restaurant,39879530,21-09-2018,35
Restaurant Mamma´s & Over Middel ApS,Horsens,8700,Grønnegade 15,https://overmiddel.dk/,search,,rated,6,modern clean layout with good food photos; serif/sans mix fine,,Morten Klitsgaard Knudsen,Direktør,75 67 16 71,restaurant,32677126,01-01-2010,19
Restaurant Marsvinet ApS,Middelfart,5500,Østre Hougvej 116,https://marsvinet.dk/,guess,,rated,6,decent hero photo; generic template,,Nanco Wijtze de Haan,Direktør,,,41557494,30-07-2020,28
Restaurant Nordstjernen Blokhus ApS,Blokhus,9492,Høkervej 1,https://www.restaurantnordstjernen.dk/,guess,,rated,6,"clean, dark header; cookie banner covers content",,Christoffer Thorhauge Hallager,Direktør,98 24 93 91,restaurant,41591625,16-08-2020,22
Restaurant Panda ApS,Grindsted,7200,"Nørre Torv 10, st.",https://restaurantpanda.dk/,guess,,rated,6,"dark theme, big empty hero area; decent",,Shanggui Chen,Direktør,91 98 33 33,restaurant,45347052,21-01-2025,5
Restaurant Pavarotti ApS,Viborg,8800,Ulriksdalsvej 23,https://pavarottiviborg.dk/,osm,,rated,6,"strong photo hero; logo overlaps image text, basic",,Abdelouahed Chat,Direktør,86 62 19 79,restaurant,42578185,02-08-2021,2
Restaurant Safari ApS,København N,2200,Baggesensgade 9,https://www.restaurantsafari.dk/,osm,,rated,6,"Squarespace, bold pink, text-only menu, default sans font",,Simon Leo Hansen,Direktør,27 62 22 22,restaurant,40553029,28-05-2019,19
Restaurant Silo Nordhavn A/S,Nordhavn,2150,"Helsinkigade 29, 17.",https://ramenhokkaido.dk/,osm,,rated,6,modern dark Elementor design; hero video player shows error; decent but plain,ownership of site not fully confirmed,Anne-Louise Varming Kastbjerg,Adm. Direktør,61 46 26 88,restaurant,38676806,24-05-2017,
Restaurant Skovsbøll ApS,Fårevejle,4540,Golfsvinget 1,http://www.restaurant-skovsboll.dk/,osm,,rated,6,clean fairly modern; large food/terrace photos; menu on separate page not PDF; tap-to-call; no copyright year,could not be screenshotted from the audit environment; rated from page text only,Henrik Skovsbøll Rasmussen,Direktør,23 61 55 63,restaurant,44647117,19-02-2024,11
Restaurant Slap Af ApS,Aarhus C,8000,"Åboulevarden 18, 1.",https://slapaf.nu/,osm,,rated,6,"modern look, red palette; cookie popups cover top; decent",,Morten Goul Jensen,Direktør,86 18 18 14,restaurant,32438520,25-08-2009,21
Restaurant Snekken ApS,Regstrup,4420,"C/O Martin Rasmussen, Cikorievej 7",https://snekken.dk/,osm,,rated,6,modern dark photo site; menu only as PDF; cookie popup covers,,,,,,43138383,18-03-2022,11
Restaurant Storm ApS,Hvide Sande,6960,Stormgade 1 B,https://www.restaurantstorm.dk/,osm,,rated,6,clean dark/cream design; hero video fallback text visible,,Oliver Borggaard Jørgensen,Direktør,72 13 24 00,restaurant,43491490,06-09-2022,26
Restaurant Støvlen ApS,Ebeltoft,8400,Adelgade 24,https://restaurant-stoevlen.dk/,search,,rated,6,clean template; old jQuery,,Christian Rønde Feldbæk,Direktør,,,45707725,26-06-2025,12
Restaurant Svalegaarden ApS,Aalborg,9000,Einar Packness Vej 2,https://restaurantsvalegaarden.dk/,guess,,rated,6,modern rounded-shape design; cookie banner hides hero,,Simon Bruun Pedersen,Direktør,,,39444712,28-03-2018,10
Restaurant Udsigten Kystvejen ApS,Albertslund,2620,Roholmsvej 7,https://udsigten-restaurant.dk/,osm,,rated,6,"clean pastel layout, hero image slow; PDF menu",,Palle Andersen,Direktør,56 57 70 05,restaurant,41523794,16-07-2020,34
Restaurant Vi To ApS,Svendborg,5700,Møllergade 35 A,https://restaurantvito.dk/,osm,,rated,6,"nice colour/photo hero, simple; menu PDF",,Lasse Bille Rasmussen,Direktør,30 71 71 01,restaurant,44070421,22-05-2023,8
Restaurant Værdsat ApS,Odense S,5260,"C/O Benjamin Rosendal Mosskov, Brogårdsvej 90",https://vaerdsat.dk/,search,,rated,6,modern restaurant group site with food photography; cookie popup covers,,Benjamin Rosendal Mosskov,Adm. Direktør,,,42187496,05-03-2021,44
Trattoria F A/S,København K,1112,"C/O Sovino Brands, Pilestræde 10",https://trattoria.dk/,guess,,rated,6,"decent modern WordPress site, takeaway popup",ownership of site not fully confirmed,Patricia Gomes Gil,Direktør,33 14 22 77,restaurant,30688759,15-06-2007,47
WITTRUP MOTEL A/S,Albertslund,2620,Roskildevej 251,https://www.wittrupmotel.dk/,guess,,rated,6,"retro 50s themed motel site, strong identity; low-contrast nav over photo, popups",,Claus Erik Bach Hansen,Direktør,43 64 95 51,restaurant,21745847,16-06-1999,117
Webers café og restaurant ApS,Marstal,5960,"C/O Anders Udengaard Bischoff, Møllevejen 93",https://www.webers-cafe.dk/,osm,,rated,6,decent template with food photos; cookie banner,,Jacob Udengaard Bischoff,Adm. Direktør,60 82 55 00,restaurant,44100339,06-06-2023,12
ANZA RESTAURANT ApS,Middelfart,5500,Algade 57,https://papas-ristorante.dk/,search,,rated,7,strong full-bleed pizza photography; clear CTAs; good mobile view,,Filippo Anzalone,Direktør,64 41 59 59,restaurant,18567938,30-05-1995,23
Ambra ApS,København K,1112,"C/O Sovino Brands, Pilestræde 10",https://ambra.dk/,guess,,rated,7,"modern minimal branded design behind cookie popup (unsure, mostly hidden)",,Andreas Bagh,Direktør,70 70 24 60,restaurant,29826633,15-12-2006,41
BONE'S RESTAURANTER A/S,Herning,7400,"Nygade 5, 1.",https://bones.dk/,guess,,rated,7,"modern, strong photography and branding",,Jan Vinther Laursen,Direktør,97 21 22 35,restaurant,19639606,01-10-1996,1208
Cantina ApS,København K,1300,Borgergade 2,https://www.cantinacph.dk/,osm,,rated,7,"bold, distinctive branding",,Henrik Laszlo Horvath,Direktør,88 16 99 95,restaurant,37380148,11-01-2016,62
Cocks & Cows ApS,København K,1471,"Ny Vestergade 7, 1.",https://cocksandcows.dk/,guess,,rated,7,"modern bold brand design with large scroll hero (screenshot mostly empty yellow, unsure)",,Daniel Vesti Knuttel,Direktør,,,32439292,27-08-2009,118
Delphine ApS,København V,1620,"Vesterbrogade 17, 1. tv",https://cofoco.dk/da/restaurant/delphine,guess,,rated,7,refined group site with brand lettering; cookie popup covers view,,Christian Lytje,Direktør,,,41147598,07-02-2020,97
Domestic Restaurant ApS,Aarhus C,8000,Mejlgade 35 B,https://restaurantdomestic.dk/,guess,,rated,7,"clean minimal design, hero hidden/blank (unsure)",,Christoffer Norton,Direktør,,,37001732,19-08-2015,21
Donna ApS,København V,1620,"Vesterbrogade 17, 1. tv",https://cofoco.dk/da/restaurant/donna,guess,,rated,7,modern dark layout; cookie popup covers page,,Christian Lytje,Direktør,,,43527851,21-09-2022,142
Esmée A/S,København K,1112,"C/O Sovino Brands, Pilestræde 10",https://esmee.dk/,guess,,rated,7,"elegant, atmospheric imagery and branding",,Andreas Bagh,Direktør,33 13 37 13,restaurant,32660908,21-12-2009,44
Fakkelgaarden Hotel & Restaurant ApS,Kruså,6340,Fjordvejen 44,https://fakkelgaarden.dk/restaurant/,osm,,rated,7,clean hotel and restaurant site with good photography,,Ib Rossen Nissen,Direktør,73 67 83 00,restaurant,44780321,19-04-2024,49
Feed Bistro ApS,København V,1620,Vesterbrogade 1 P,https://feed.dk/,osm,,rated,7,modern dark branded design,,Jacob Balslev Jørgsholm,Direktør,69 15 69 87,restaurant,42615498,16-08-2021,36
Fresh Out The Oven ApS,København K,1432,Refshalevej 159 A,https://hartbageri.com/,search,,rated,7,"distinctive branded full-screen photo/video, bold type; minimal content",,Mathias Lund Nyrup,Direktør,,,39311895,06-02-2018,215
GRØD ApS,Frederiksberg C,1902,"Lykkesholms Allé 8 B, st.",https://www.groed.com/,search,,rated,7,modern clean branded site with good photos and app promo,,Lasse Skjønning Andersen,Direktør,60 89 78 98,restaurant,33862709,28-07-2011,202
HOTEL HANS EGEDE A/S,Nuuk,3900,Aqqusinersuaq 1-3 Postboks 1052,https://hhe.gl/,search,,rated,7,"strong hero photo, clean hotel booking layout; PDF menus",,Jørgen Bay-Kastrup,Adm. Direktør,348000,restaurant,87234916,16-01-1979,
HVIDBJERG STRAND FERIEPARK A/S,Blåvand,6857,Hvidbjerg Strandvej 27,https://www.hvidbjerg.dk/ferieparken/mad-og-drikke/,osm,,rated,7,modern holiday park site behind cookie popup,ownership of site not fully confirmed,Lene Anholm Slaikjær Grønlund,Direktør,75 27 90 40,restaurant,78188812,26-06-1985,240
Hallernes Smørrebrød ApS,København V,1699,Staldgade 34,https://www.hallernes.dk/,osm,https://www.facebook.com/HallernesSmorrebrod,rated,7,good dark layout with strong food photography,,Svend Nicolai Fabian,Adm. Direktør,61 26 38 94,restaurant,34057710,15-11-2011,112
Hanzo København ApS,Frederiksberg,2000,Solbjergvej 10,https://www.madklubben.dk/en/restaurants/hanzo,search,,rated,7,"modern restaurant group site, hidden behind cookie popup",ownership of site not fully confirmed,Anders Aagaard Jensen,Direktør,,,33572794,10-03-2011,139
Hooked ApS,København NV,2400,Hejrevej 35 B,https://gethooked.dk/,osm,,rated,7,"modern, lively branding and photography",,Kasper Bundgård Christensen,Adm. Direktør,69 16 18 16,restaurant,37306568,09-12-2015,234
Høst ApS,København V,1620,"Vesterbrogade 17, 1. tv",https://cofoco.dk/da,search,,rated,7,refined group site (Copenhagen Food Collective) with big imagery; cookie popup obscures view,,Christian Lytje,Direktør,,,34709254,14-09-2012,65
JEDE ApS,København V,1620,"C/O Restaurant Grøften, Vesterbrogade 3",https://groeften.dk/,search,,rated,7,atmospheric hero photo; sidebar nav; modern,,Jacob Elkjær,Direktør,,,37220701,11-11-2015,73
Llama ApS,København V,1620,"Vesterbrogade 17, 1. tv",https://cofoco.dk/en/restaurant/llama,search,,rated,7,modern dark layout with logo illustration; cookie popup covers page,,Christian Lytje,Direktør,,,35399550,10-07-2013,72
Madklubben 701 ApS,Frederiksberg,2000,Solbjergvej 10,https://www.madklubben.dk/,guess,,rated,7,"polished modern chain-style site, big hero",,Anders Aagaard Jensen,Direktør,,,30069005,22-11-2006,135
Møntergade ApS,København K,1117,Gammel Mønt 41,https://montergade.dk/,osm,,rated,7,"clean elegant modern layout, serif hero; capture mid-animation",,Lars Juhl Olesen,Adm. Direktør,33 33 06 10,restaurant,41461713,25-06-2020,50
N/F OLIOLI ApS,København K,1456,"Vestergade 17, 1. th",https://www.oliolipoke.dk/,search,,rated,7,clean modern Webflow design; strong brand,,Nicolai Suwinai Nielsen,Direktør,,,38885081,25-08-2017,
Nobis Hotel Copenhagen ApS,København V,1574,Niels Brocks Gade 1,https://www.nobishotel.dk/,search,,rated,7,polished luxury hotel design with serif type and booking bar; hero video blank in screenshot,,Cecilia Louise Mauritzson,Adm. Direktør,,,37591998,05-02-2016,53
Ny Hotel Britannia A/S,Esbjerg,6700,Torvegade 24,https://www.britannia.dk/,search,,rated,7,hotel site with dark hero; modern,ownership of site not fully confirmed,Palle Storinggaard,Direktør,,,40039813,21-11-2018,58
Nyhavns Restauranter ApS,København K,1154,Gråbrødretorv 8,https://tholstrup.dk/nyhavns-faergekro/,osm,,rated,7,good modern photo hero (Tholstrup group),,Thomas Peter Henrik Klint Tholstrup,Adm. Direktør,33 15 15 88,restaurant,40608524,31-05-2019,99
Oaxaca Group ApS,København V,1650,"Istedgade 60, st.",https://lovesanchez.com/,search,,rated,7,bold branded splash for Sanchez / Hija de Sanchez,,Rosio Sanchez Ho,Direktør,31 11 66 40,restaurant,36917555,08-06-2015,83
PASTIS ApS,København K,1123,Gothersgade 52,https://bistro-pastis.dk/,osm,,rated,7,distinctive illustrated brand design; menu only as PDF; very sparse,,Mikkel Egelund Rasmussen,Direktør,33 93 44 11,restaurant,29394342,20-02-2006,42
RESTAURANT AMALIE ApS,København K,1256,Amaliegade 11,https://restaurantamalie.dk/,guess,,rated,7,"clean elegant layout, Michelin badge",,Kenneth Henrik Brønd,Direktør,33 12 88 10,restaurant,33583745,29-03-2011,9
RESTAURANT DEN HVIDE HEST OG GYNGEHESTEN ApS,Klampenborg,2930,Dyrehavsbakken 98,https://www.hvidehest.dk/,osm,,rated,7,strong full-bleed photography; clean modern layout,,David Lindeborg Rehtmar Davidsen,Direktør,39 63 40 50,restaurant,31467551,25-04-2008,52
RESTAURANT DRONNING LOUISE ApS,Esbjerg,6700,Torvet 19,https://dr-louise.dk/,osm,,rated,7,"strong photography, good hero; menu partly PDF",,Jacob Rand Jensen,Direktør,75 13 13 44,restaurant,25994523,15-04-2001,74
RESTAURANT FREDERIKS HAVE ApS,Frederiksberg,2000,"C/O Jonas Nikolajsen, Smallegade 41 D",https://frederikshave.dk/,osm,,rated,7,"atmospheric hero, clean modern look",,Jonas Nikolas Nikolajsen,Direktør,38 88 33 35,restaurant,35862986,16-05-2014,13
RESTAURANT KALVØ A/S,Frederikssund,3600,"C/O Dansk Revision, Havnegade 4",https://www.kalvoe.dk/,osm,,rated,7,modern polished look; photo slider; HTML menu pages not PDF; booking links; no copyright year in text,could not be screenshotted from the audit environment; rated from page text only,Rasmus Michael Stripp Rasmussen,Direktør,47 31 02 25,restaurant,34224226,07-02-2012,22
RESTAURANT MELEE ApS,Frederiksberg C,1828,Martensens Alle 16,https://melee.dk/,guess,,rated,7,modern split layout with good food photo,,Dan Rauhe Christensen,Direktør,,,32475027,07-10-2009,12
RESTAURANT MØLLEBÆK ApS,Gedved,8751,Gl Kattrupvej 2,https://mollebaek.dk/,guess,,rated,7,"modern, warm typography and hero photo",,Berit Eugenie Iversen,Adm. Direktør,75 66 52 10,restaurant,34725608,25-10-2012,11
RESTAURANT SCT. ANNÆ ApS,København K,1250,"Sankt Annæ Plads 12, st.",https://restaurantsanktannae.dk/,search,,rated,7,elegant serif typography; Michelin badge; responsive with hamburger menu,,Søren Dan Schou,Direktør,28 34 02 82,restaurant,21513938,01-02-1999,17
RESTAURANT STØVLET KATRINES HUS A/S,Sorø,4180,Slagelsevej 63,https://stovletkatrineshus.dk/,osm,,rated,7,good hero photo; clear booking CTA; responsive,,Lars Hagen Mortensen,Direktør,57 83 50 80,restaurant,29630550,29-06-2006,15
RESTAURANT UFORMEL ApS,København V,1554,Studiestræde 69,https://formelbgroup.dk/uformel/,osm,https://www.facebook.com/uformel/,rated,7,dark elegant design; mostly covered by cookie popup (unsure),,Frederik Alexander Rudkjøbing,Direktør,70 99 91 11,restaurant,35807934,14-03-2014,31
RESTAURANT VIGEN ApS,Roskilde,4000,Baunehøjvej 5,https://www.vigen.dk/,guess,,rated,7,good food/landscape photography; clean Squarespace-style layout,,Simon Adrian Christensen,Direktør,46 75 50 08,restaurant,30498666,12-04-2007,20
RESTAURANT VILLA VEST ApS,Hjørring,9800,Strandvejen 138,https://villavest.dk/restaurant/,osm,,rated,7,modern designed layout with good photography and strong colours,,Kim Møller-Kjær,Direktør,98 96 01 11,restaurant,32275893,29-06-2009,30
RISTORANTE ITALIANO AF 6. MARTS 1998 ApS,København K,1171,"Fiolstræde 2, st.",https://www.italiano.dk/,osm,,rated,7,"full-bleed photo hero, elegant serif type, modern WordPress theme",,Ganimete Berisha,Direktør,33 11 12 95,restaurant,20787945,06-03-1998,52
RUTHS HOTEL A/S,Skagen,9990,Hans Ruths Vej 1,https://www.ruths-hotel.dk/en/restaurant/ruths-brasserie/,osm,,rated,7,polished brasserie page; dark hero with food photos; cookie banner covers part,,Maria Bundgaard Christensen,Adm. Direktør,98 44 11 24,restaurant,11810985,01-01-1988,103
Restaurant 1899 ApS,København K,1128,Hausergade 38,https://restaurant1899.dk/,search,,rated,7,good modern Squarespace site with full-width food photo and nice serif heading,,Sinem Dybvad Demir,Adm. Direktør,,,45105849,25-09-2024,8
Restaurant Bruce ApS,København N,2200,"Ryesgade 30 B, st. th",https://www.brucecph.dk/,osm,,rated,7,"modern, moody photography",,Ul Freund Christensen,Direktør,27 34 93 15,restaurant,44910314,18-06-2024,11
Restaurant Calma ApS,København N,2200,"Jægersborggade 34, st.",https://www.calmacph.dk/,osm,,rated,7,distinctive hand-made collage style,,Christian Marquard Mogensen,Adm. Direktør,53 77 04 34,restaurant,44047624,11-05-2023,18
Restaurant Charlottenlund Fort ApS,Charlottenlund,2920,Strandvejen 148,https://charlottenlundfortet.dk/,osm,,rated,7,"elegant hero, good typography",,Gustav Duus Kristensen,Adm. Direktør,39 62 22 63,restaurant,43454323,13-08-2022,43
Restaurant Dokken ApS,Samsø,8305,Strandvejen 83,https://restaurantdokken.dk/,guess,,rated,7,atmospheric dark hero with strong interior photo,,Karsten Kortsen,Direktør,,,43242008,29-04-2022,18
Restaurant EKTE ApS,Holstebro,7500,Nørregade 26,https://ekte.dk/,guess,,rated,7,clean modern layout with good food photos,,Ertugrul Dogan,Direktør,,,44524791,27-12-2023,17
Restaurant Eagle ApS,Smørum,2765,Hindbærvangen 66,https://www.restauranteagle.dk/,guess,,rated,7,modern one-page site with strong hero food photo,,Steffen Bohart Frederiksen,Direktør,,,38172174,10-11-2016,29
Restaurant Emil ApS,Aalborg,9000,Østre Havnegade 43,https://restaurantemil.dk/,osm,https://www.facebook.com/RestaurantEmil/,rated,7,modern clean; full-width hero photo; menu as web page not PDF; booking button; social links; newsletter signup,could not be screenshotted from the audit environment; rated from page text only,Emil Thaarup,Direktør,51 57 05 95,restaurant,43286080,10-05-2022,18
Restaurant Fasaneriet ApS,Lejre,4320,Skottehusvej 12,https://fasaneriet.dk/,osm,,rated,7,modern full-width aerial hero; clean serif/sans typography,,Johnnie Kim Andreasen,Direktør,46 46 16 32,restaurant,12836694,01-02-1989,25
Restaurant Fjord ApS,Struer,7600,Sarpsborgparken 54,https://restaurantfjord-struer.dk/,search,,rated,7,"navy design with big serif logotype, clean; cookie popup hides most; unsure",,Oskar Brink Svendsen,Direktør,,,45470318,14-03-2025,19
Restaurant Frihavn ApS,København S,2300,Digevej 114,https://restaurant-frihavn.dk/,guess,,rated,7,elegant classic design with good food photography,,Jakob Mastek,Direktør,,,40508988,09-05-2019,
Restaurant Gemini ApS,København V,1610,Gammel Kongevej 10,https://norrlyst.dk/gemini/,osm,,rated,7,modern elegant layout; cookie popup hides most; unsure,,Bjarke Just Nielsen,Direktør,93 10 23 66,restaurant,42968641,12-01-2022,32
Restaurant Hans ApS,Næstved,4700,Kindhestegade 4,https://restauranthans.dk/,search,,rated,7,elegant illustrated design with serif/sans pairing; clean; no food photos,,Rasmus Qvist Møller,Direktør,40 83 96 03,restaurant,45173240,28-10-2024,12
Restaurant Havnær ApS,Aarhus C,8000,"C/O Daniel Justesen, Dagmar Petersens Gade 119",https://www.havnaer.dk/,osm,,rated,7,good photo-led layout with strong imagery,,Daniel Wulff Justesen,Direktør,60 18 41 26,restaurant,36453958,05-12-2014,29
Restaurant Hvidbjerg Strand og Italian Food ApS,Blåvand,6857,Hvidbjerg Strandvej 27,https://www.hvidbjerg.dk/ferieparken/mad-og-drikke/,osm,,rated,7,modern resort site; menu as PDF,,Lene Ibsen Lauridsen,Adm. Direktør,41 66 88 79,restaurant,40159487,31-12-2018,27
Restaurant Jacob A Riis ApS,Ribe,6760,Torvet 7,https://jacobariis.dk/,guess,,rated,7,"warm interior photography, solid modern layout",,Sabin Begic,Direktør,75 42 03 33,restaurant,44378574,19-10-2023,13
Restaurant Johansens ApS,Kolding,6000,"Jernbanegade 18 A, st.",https://www.restaurantjohansens.dk/,osm,,rated,7,good modern site with atmospheric photography,,Morten Strøh,Direktør,31 23 15 15,restaurant,42746355,29-09-2021,25
Restaurant Kaj 2.0 ApS,Helsingør,3000,Strandpromenaden 6,https://rkaj.dk/,search,,rated,7,"nice harbour photography, good logo",,Kim Nielsen,Direktør,,,44706946,14-03-2024,34
Restaurant Kaj ApS,Helsingør,3000,Strandpromenaden 6,https://rkaj.dk/,osm,,rated,7,attractive harbour imagery and clean modern layout,,,,49 20 20 45,restaurant,40252290,12-02-2019,
Restaurant Klinten af 2014 ApS,Faaborg,5600,"Klintealle 1, 3",https://www.klinten.dk/,guess,,rated,7,"atmospheric full-screen beach hero, modern",,Charlotte Kirk Døj,Adm. Direktør,,,36038071,01-07-2014,29
Restaurant Kronborg ApS,Aalborg,9000,"Rantzausgade 31, st. tv",https://kronborg-egholm.dk/,osm,,rated,7,"sleek dark site, closed-until-Easter-2027 notice, cookie banner covers part",,Kasper Kristensen,Direktør,98 17 27 75,restaurant,38419730,15-02-2017,35
Restaurant Lamar ApS,København V,1610,Gammel Kongevej 27,https://www.restaurantlamar.com/,osm,,rated,7,"strong photography, clean nav; menu PDF",,Simon Leo Hansen,Direktør,26 36 27 27,restaurant,43044672,09-02-2022,23
Restaurant Le Pagnol ApS,Aarhus C,8000,Sønder Allé 29,https://lepagnol.dk/,osm,,rated,7,good modern site with strong food photo,,Zahra Maher Zaza,Adm. Direktør,86 12 24 71,restaurant,44098660,19-05-2023,6
Restaurant Lyst A/S,Vejle,7100,"Havneøen 10, st. tv",https://restaurantlyst.com/,osm,,rated,7,"elegant minimal, Michelin imagery",,Daniel Christian Bro Schmidt,Direktør,,,40118071,19-12-2018,14
Restaurant Martino ApS,Aarhus C,8000,"Marselisborg Havnevej 46 B, 1.",https://martino.dk/,osm,,rated,7,"good hero photo, clear CTAs, modern; popups clutter",,Henrik Skafte Schultz,Direktør,86 18 19 69,restaurant,38749978,28-06-2017,36
Restaurant Odette ApS,København K,1208,Kompagnistræde 18,https://norrlyst.dk/odette/,osm,,rated,7,elegant serif styling over food photo; cookie popup covers,,Bjarke Just Nielsen,Adm. Direktør,,,43482963,01-09-2022,23
Restaurant One Ten Providence ApS,København K,1453,"Sankt Peders Stræde 27, st.",https://oneten.dk/,search,,rated,7,"modern, atmospheric photography",,Bjørn Kjær Lauridsen,Adm. Direktør,28 45 12 37,restaurant,32344925,17-01-2014,11
Restaurant Oven Vande ApS,Fredericia,7000,Norgesgade 4,https://www.ovenvandevedvolden.dk/,osm,,rated,7,good tile layout with strong photos; menu PDF,,Lise Lotte Fibiger Gaarde,Direktør,76 20 02 26,restaurant,45149870,17-10-2024,21
Restaurant Rebelsk ApS,Randers C,8900,Rådhustorvet 4,https://restaurantrebelsk.dk/,guess,,rated,7,"strong food photography, tidy layout",,Casper Georg Dahl Schubert,Direktør,,,44896753,11-06-2024,14
Restaurant Sted1 ApS,Frederikshavn,9900,Havnepladsen 1,https://sted1.dk/,osm,,rated,7,"elegant dark hero, good mobile view",,Dennis Sommer,Direktør,88 44 10 90,restaurant,39458241,04-04-2018,18
Restaurant Sæson ApS,Sæby,9300,Stammen 15,https://restaurantsaeson.dk/,osm,,rated,7,elegant dark site with strong food photo,,Tobias Vasant Olsen,Direktør,25 37 99 00,restaurant,43583336,17-10-2022,12
Restaurant Søllerød Golfklub ApS,Holte,2840,Brillerne 9,https://sollerodgolf.dk/,search,,rated,7,good modern golf club site with strong hero,ownership of site not fully confirmed,Lasse Friis,Adm. Direktør,,,45199290,11-11-2024,12
Restaurant TTN ApS,Fredericia,7000,Toldkammeret 9,https://titrinned.dk/,search,,rated,7,"elegant gourmet look, Michelin branding",,Michael Vindbjerg Nørtoft,Direktør,,,45011143,13-08-2024,11
Restaurant Theo ApS,København K,1159,"Skindergade 29, kl.",https://norrlyst.dk/theo/,guess,,rated,7,elegant dark site; cookie modal covers,,Bjarke Just Nielsen,Direktør,,,42718130,29-09-2021,15
Restaurant Tiende ApS,Aarhus C,8000,"Dagmar Petersens Gade 62, 10.",https://www.restaurant-tiende.dk/,guess,,rated,7,modern polished design; photo slideshow; menus as web text not PDF; copyright 2026; online booking,could not be screenshotted from the audit environment; rated from page text only,Ebbe Langhoff Gøgsig,Direktør,86 12 52 05,restaurant,27696279,15-04-2004,41
Restaurant Udtryk ApS,København K,1452,Teglgårdstræde 8 A,https://norrlyst.dk/udtryk/,osm,,rated,7,stylish typographic design; cookie banner obscures page (unsure),,Bjarke Just Nielsen,Direktør,30 20 79 06,restaurant,45344843,21-01-2025,10
Restaurant Under Klippen ApS,Holstebro,7500,"Lille Østergade 3 C, kl.",https://underklippen.dk/,osm,,rated,7,good modern design with strong food photo,,Ismail Aydoganer,Direktør,97 40 66 55,restaurant,44546809,08-01-2024,11
Restaurant by Vestergaard ApS,Skjern,6900,Strandvejen 31,https://stauningstrand.dk/,search,,rated,7,clean modern site with attractive harbour photo,,Rene Vestergaard Jensen,Direktør,20 85 04 29,restaurant,44969734,15-07-2024,20
Sushiart ApS,Viby J,8260,"C/O Sushiart ApS, Skanderborgvej 181 A, st. tv",https://www.sushiart.dk/,guess,,rated,7,"modern, strong hero photo",,Karam Ali Ayad,Direktør,,,36019190,25-06-2014,98
THAI RESTAURANT A/S,København S,2300,Amager Boulevard 70,https://blueelephant.com/,search,,rated,7,modern WordPress/Divi site; strong branding; popup and cookie banner cluttered,,Yupin Insuran,Direktør,,,13666040,01-11-1989,9
The Burger Concept ApS,Aarhus C,8000,Ryesgade 8,https://www.aarhusstreetfood.com/,osm,,rated,7,modern streetfood hall site behind order popup,ownership of site not fully confirmed,,,81 44 85 60,restaurant,39348535,20-02-2018,101
WALLMANS A/S,København V,1608,Jernbanegade 8,https://wallmans.dk/,guess,,rated,7,"modern dark site, cookie banner hides most; unsure",,Christian Sunn,Adm. Direktør,,,26694094,05-07-2002,65
WULFF & KONSTALI ApS,Klampenborg,2930,"Strandvejen 449, st.",https://www.wogk.dk/,osm,,rated,7,"clean, warm, good food photography",,Poul Nyholm Wulff,Adm. Direktør,26 14 82 49,restaurant,29225737,04-01-2006,299
madklubben ApS,Frederiksberg,2000,Solbjergvej 10,https://www.madklubben.dk/,guess,,rated,7,modern group site with strong hero photography,,Anders Aagaard Jensen,Direktør,,,37284599,07-12-2015,33
Aamanns ApS,København K,1432,"C/O Aamanns Køkken, Refshalevej 163 A",https://aamanns.dk/restaurant/aamanns-1921/,osm,https://www.facebook.com/aamanns.dk,rated,8,strong brand and photography,,Adam Aamann-Christensen,Direktør,20 80 52 04,restaurant,39687518,25-06-2018,120
CASABLANCA AARHUS ApS,Aarhus C,8000,Rosensgade 12,https://casablanca.dk/,guess,,rated,8,"modern, great food photography, strong typography",,Jørgen Peter Danielsen,Direktør,,,31853826,20-11-2008,113
FLT 100 KBH ApS,København V,1711,Flæsketorvet 100,https://fiskebaren.dk/,search,,rated,8,"striking food photography, clean modern layout",,Kristian Mølgaard Linde,Adm. Direktør,32 15 56 56,restaurant,32082645,03-03-2009,151
Geranium ApS,København Ø,2100,"Per Henrik Lings Allé 4, 8.",https://www.geranium.dk/da/,osm,https://facebook.com/restaurantgeranium,rated,8,distinctive editorial design with strong photography,,Rasmus Kofoed,Direktør,69 96 00 20,restaurant,36711086,13-04-2015,47
Halifax A/S,København K,1471,"Ny Vestergade 7, 1.",https://halifax.dk/,guess,,rated,8,bold brand design; strong food photography,,Daniel Vesti Knuttel,Direktør,26 36 37 69,restaurant,29938008,01-10-2006,189
KØDBYEN BRYGPUB ApS,København V,1717,"Skelbækgade 2, 3. th",https://www.warpigs.dk/,search,,rated,8,strong brand and food photography,,Mikkel Bjergsø,Direktør,43 48 48 48,restaurant,35864237,28-05-2014,59
Madklubben 705 ApS,Frederiksberg,2000,Solbjergvej 10,https://www.madklubben.dk/,guess,,rated,8,polished group site with strong photography and typography,,Anders Aagaard Jensen,Direktør,,,33083351,20-08-2010,74
Madklubben 710 ApS,Frederiksberg,2000,Solbjergvej 10,https://www.madklubben.dk/,guess,,rated,8,polished modern group site with strong hero photography,ownership of site not fully confirmed,Anders Aagaard Jensen,Direktør,,,34877742,28-11-2012,82
NHG CPH ApS,København K,1432,"C/O Aamanns Køkken, Refshalevej 163 A",https://aamanns.dk/,search,,rated,8,distinctive brand; good imagery,,Peter Winston Benzon Monk,Adm. Direktør,20 80 52 00,restaurant,38324845,09-01-2017,83
RESTAURANT BABETTE ApS,Vordingborg,4760,"C/O Vivi Schou, Porsevænget 1",https://www.babette.dk/,guess,,rated,8,refined typography; strong photography,,Vivi Schou,Adm. Direktør,,,33042736,24-06-2010,1
RESTAURANT KOEFOED ApS,København K,1301,Landgreven 3,https://www.restaurant-koefoed.dk/,osm,,rated,8,high-end Michelin site with strong photography,,Ronni Mikkelsen,Direktør,56 48 22 24,restaurant,29637474,26-06-2006,16
Restaurant Hummer ApS,København K,1051,Nyhavn 63 A,https://www.restauranthummer.dk/,osm,https://www.facebook.com/restauranthummer/,rated,8,"strong food photography, refined look",,Ronni Mikkelsen,Direktør,33 33 03 39,restaurant,37454346,11-02-2016,12
Restaurant KOAN ApS,København Ø,2100,Langeliniekaj 5,https://www.koancph.dk/,osm,,rated,8,dark minimal two-Michelin-star site with strong imagery,,Kristian Joon Hwan Baumann,Direktør,28 74 78 40,restaurant,41718765,29-09-2020,18
Restaurant Phønix ApS,Holstebro,7500,Sønderlandsgade 21,https://www.phonixholstebro.dk/,search,,rated,8,elegant modern design with strong photography,,Michael Peters Lehm,Direktør,,,38448536,26-02-2017,5
SOKKELUND ApS,Frederiksberg,2000,Smallegade 36 E,https://sokkelund.dk/,guess,,rated,8,"distinctive illustrated brand identity, strong custom design",,Martin Hildebrandt,Direktør,,,32291171,17-07-2009,52
STICKS 'N' SUSHI A/S,København K,1366,Nansensgade 49,https://www.sticksnsushi.com/dk/da/,guess,,rated,8,strong branding and photography; cookie overlay,,Andreas Karlsson,Adm. Direktør,33 11 70 30,restaurant,73342619,30-09-1983,614
NOMA AF 2003 ApS,København K,1432,"C/O Noma Projects, Refshalevej 213 A",https://noma.dk/,guess,,rated,9,outstanding minimal dark design; world-class brand,,Annika Sirpa de Las Heras,Adm. Direktør,,,27394698,13-10-2003,85
AARSTIDERNE A/S,Barrit,7150,Barritskovvej 34,,,,excluded-chain,,,"Meal-box company, not a restaurant; corporate site.",Dorte Tandrup,Adm. Direktør,70 26 00 66,restaurant,12542976,01-11-1988,379
ALTAN.DK A/S,Sorø,4180,Næstvedvej 60 A,https://altandk.dk,guess,,unverified,,,"site could not be reached from the audit environment (HTTP 503 via proxy on two independent paths); not rated, check manually",,,70 26 83 03,restaurant,15200081,01-06-1991,
ASNÆS OG OMEGNS BRUGSFORENING,Asnæs,4550,Asnæs Centret 1,,,,excluded-chain,,,"Coop cooperative running SuperBrugsen/Brugsen stores (Asnaes, Faarevejle, Vig Lyng); not a restaurant. No own website found (stores are unde",Brian Johansen,Direktør,59 65 16 58,restaurant,69841414,01-10-1908,195
AaD Drift ApS,Herning,7400,Lundvej 8,http://a-h-b.dk,,,unverified,,,"site could not be reached from the audit environment (HTTP 503 via proxy on two independent paths); not rated, check manually",Thomas Damgaard,Direktør,,,44210789,31-07-2023,151
Alaturka Cafe & Restaurant ApS,Grindsted,7200,Fynsgade 13 C,https://www.alaturka.dk/,osm,,unverified,,,"site answered 403/429 to the audit browser (bot protection); not rated, check manually",Sunay Raif Ismail,Direktør,,,38584936,10-04-2017,2
Bansmann Food ApS,Haderslev,6100,Langelandsvej 96,,,,excluded-chain,,,Brand site of Sunset Boulevard chain (units are franchise outlets); no outlet-specific site confirmed,Christopher Schou-Bansmann,Adm. Direktør,,,45014347,15-08-2024,133
CAJU RANDERS ApS,Randers NV,8920,"C/O Jan Dahl Jensen, Drejervej 18",,,,excluded-chain,,,McDonald's franchisee (Randers Paderup); no own website.,,,,,27224776,26-06-2003,5
CBJ-HOLDING A/S,Rungsted Kyst,2960,Piniehøj 13,,,,excluded-chain,,,"McDonald's franchisee holding; no own site, brand site is mcdonalds.dk",Christian Buhl Jørgensen,Direktør,29 45 33 33,restaurant,18747685,28-06-1995,96
CECA FOODS HILLERØD ApS,Rungsted Kyst,2960,Rungsted Strandvej 201 A,,,,excluded-chain,,,"McDonald's Hillerød franchisee; no own site, brand site is mcdonalds.dk",Claus Strand,Direktør,,,32668216,08-01-2010,112
CECA FOODS SLAGELSE ApS,Rungsted Kyst,2960,"C/O Claus Strand, Rungsted Strandvej 201 A",,,,excluded-chain,,,McDonald's franchisee company (Claus Strand); no own website.,Claus Strand,Direktør,,,36399236,06-10-2014,102
Café Victor A/S,København K,1112,"C/O Sovino Brands, Pilestræde 10",https://victor.dk,guess,,unverified,,,"site could not be reached from the audit environment (HTTP 503 via proxy on two independent paths); not rated, check manually",Carsten Svantemann Bjerre,Direktør,33 13 36 13,restaurant,27977235,01-01-2004,67
DANSKE KONCEPT RESTAURANTER A/S,Kolding,6000,Nordager 26,,,,excluded-chain,,,Owner of the Sunset Boulevard chain; sunsetboulevard.dk redirects to sunset-boulevard.dk,Jens Gjødvad Baisner,Adm. Direktør,,,30241509,31-01-2007,457
DFF-FONDEN,Valby,2500,"Søndre Fasanvej 98, st.",,,,excluded-chain,,,"Dansk Folkeferie (Helsingoer Ferieby) holiday-resort operator; not a restaurant as such. Website from VisitDenmark listing, not fetched.",Knud Tilsted Martens,Adm. Direktør,,,31494710,30-05-1979,34
Driftsselskabet af 10.12.2020 ApS,Esbjerg,6700,"C/O Michael John Munk Kristiansen, Kirkegade 49",,,,excluded-chain,,,McDonald's franchisee (Odense Svendborgvej/Risingsvej/Tarup/Rosengaard and Vejen). No own website; brand site is mcdonalds.dk.,Michael John Munk Kristiansen,Direktør,,,41939958,14-12-2020,309
Driftsselskabet af 8.12.2016 ApS,Esbjerg,6700,Kirkegade 49,,,,excluded-chain,,,"McDonald's franchisee (Esbjerg, Rønde, Stilling, Vejle Syd); only the national brand site exists.",Michael John Munk Kristiansen,Direktør,,,38242520,08-12-2016,649
ECCO SKO A/S,Bredebro,6261,Industrivej 5,,,,excluded-chain,,,Not a restaurant: shoe manufacturer (ecco.com); 'Café Sko' appears to be a company canteen unit. Probably not a valid lead,Thomas Meyer Gøgsig,Adm. Direktør,74 91 16 25,restaurant,45349918,17-06-1948,631
Fonden Skovhaven,Svendborg,5700,Frederiksgade 17 D,https://www.skovsgaard.dn.dk/cafe-haven/,osm,https://www.facebook.com/SkovsgaardHAVEN/,unverified,,,"site could not be reached from the audit environment (HTTP 503 via proxy on two independent paths); not rated, check manually",,,62 22 24 10,restaurant,27034705,25-02-2003,63
Glem ApS,Roskilde,4000,"C/O Christian Juel Glem, Jernbanegade 12 D",,,,excluded-chain,,,McDonald's franchisee (Roskilde I & II); no own website.,Christian Juel Glem,Direktør,,,39676370,25-06-2018,125
Gloube 2 ApS,København K,1270,"Grønningen 5, kl.",https://gloube.dk,guess,,unverified,,,"site could not be reached from the audit environment (HTTP 503 via proxy on two independent paths); not rated, check manually",Jesper Teichert Marcussen,Adm. Direktør,,,37673269,01-05-2016,58
Gloube ApS,København K,1270,"Grønningen 5, kl.",https://gloube.dk,guess,,unverified,,,"site could not be reached from the audit environment (HTTP 503 via proxy on two independent paths); not rated, check manually",Jesper Teichert Marcussen,Adm. Direktør,,,37673277,01-05-2016,58
HOTEL KIRSTINE.DK ApS,Næstved,4700,Købmagergade 20,https://kirstine.dk,guess,,unverified,,,"site could not be reached from the audit environment (HTTP 503 via proxy on two independent paths); not rated, check manually",Hanne Louise Degn,Direktør,,,32778208,01-03-2010,53
HYPE RESTAURANT ApS,København K,1264,Store Kongensgade 52,https://www.restaurantrebel.dk,,,unverified,,,"site could not be reached from the audit environment (HTTP 503 via proxy on two independent paths); not rated, check manually",Natthee Thungnoi,Direktør,33 32 32 09,restaurant,33250320,19-10-2010,9
ISKEN ApS,København V,1550,Rådhuspladsen 55,,,,excluded-chain,,,"KFC franchisee (Rådhuspladsen, Field's, Ishøj, Tilst, Odense); no own site, brand site is kfc.dk",,,,,15498773,01-09-1991,
JJ BALLERUP ApS,Ballerup,2750,Tempovej 1,,,,excluded-chain,,,"McDonald's franchisee (Falkoner Alle, Nørrevold, Amagercentret, Tingstedet); no own site, brand site is mcdonalds.dk",Jan Jensen,Direktør,,,25440498,09-12-2013,369
"JLJ Invest, Aarhus ApS",Hasselager,8361,Baunevej 36,,,,excluded-chain,,,"Sunset Boulevard franchisee (Hedensted, Skt. Helene, Risskov); no own site, chain site is sunset-boulevard.dk",Jan Ladegaard,Direktør,28 34 65 30,restaurant,37918415,08-08-2016,200
JYLLINGE BRUGSFORENING,Jyllinge,4040,Jyllingecentret 2-4,,,,excluded-chain,,,chain franchisee / non-restaurant,Brian Dybdahl Henriksen,Direktør,46 73 08 39,restaurant,69458416,23-03-1890,179
KING FOOD DANMARK A/S,København V,1799,Ny Carlsberg Vej 80,,,,excluded-chain,,,"Burger King franchisee (Ribe, Frederikshavn, Valby, Brande, Esbjerg, Galten); only the national brand site exists.",Ralph Leo Lanckohr,Direktør,,,34879699,01-12-2012,826
KING RESTAURANT VEJEN ApS,Vejen,6600,Banegårdspladsen 6,https://www.stenovn-pizza.dk/,osm,,unverified,,,"site answered 403/429 to the audit browser (bot protection); not rated, check manually",Zongqiu Cao,Direktør,,,36464712,16-12-2014,15
KNSA Hospitality Kopenhagen ApS,København K,1112,Pilestræde 65,,,,excluded-chain,,,chain franchisee / non-restaurant,Marion Trinel-Cransac,Adm. Direktør,60 60 85 51,restaurant,42540382,01-07-2021,61
KNSA Hospitality Paper Island ApS,København K,1436,Papirøen 25,,,,excluded-chain,,,"Operating company of 25hours Hotel Paper Island (restaurant Tiger Lily, Nomad Day Bar); exact hotel page URL not verified",Marion Trinel-Cransac,Adm. Direktør,70 77 07 07,restaurant,44308290,11-09-2023,82
LALANDIA A/S,Rødby,4970,Lalandia Centret 1,,,,excluded-chain,,,"rejected candidate https://www.lalandia.dk/: Lalandia holiday park, not a restaurant",Jan Ulrik Harrit,Adm. Direktør,54 61 06 80,restaurant,27084303,18-02-2003,478
MR Restaurants ApS,Nyborg,5800,Storebæltsvej 3,,,,excluded-chain,,,McDonald's franchisee (Michael Rolver; McDonald's Nyborg at Storebaeltsvej 3 plus units in Soenderborg/Toender/Roedekro/Aarup). No own websi,Michael Rolver,Direktør,,,36975466,29-07-2015,968
MW HBG ApS,København S,2300,"C/O Mikkel Wyrtz, Kaliforniensvej 10",,,,excluded-chain,,,Franchisee of Food Folk Danmark (McDonald's); no own website.,Mikkel Wyrtz,Direktør,,,42875139,01-12-2021,97
NORDIC SERVICE PARTNERS A/S,København V,1620,Vesterbrogade 2 B,,,https://www.facebook.com/people/Cafe-Nordic/61579014704330/,excluded-chain,,,Burger King franchise group (NSP); Danish units are Burger King restaurants. Group website is the Swedish parent's site; Danish brand site i,Peter Nielsen,Direktør,33 93 28 11,restaurant,19033546,22-12-1995,827
PLANTORAMA A/S,Lystrup,8520,"Lyshøjen 12, st. th",,,,excluded-chain,,,"rejected candidate https://www.plantorama.dk/: Plantorama garden centre chain, not a restaurant",Torben Mejdahl Grevenkop-Castenskiold,Adm. Direktør,86 44 86 88,restaurant,14982442,01-03-1991,777
Pico Pizza Production ApS,København N,2200,Struenseegade 9,,,,excluded-chain,,,Pico Pizza chain site; lists 6 Copenhagen locations. This CVR is the production company (Struenseegade 9) behind the chain.,Rasmus Christensen,Direktør,,,41700246,22-09-2020,120
RESTAURANT ODD FELLOW PALÆET ApS,København K,1260,Bredgade 28,https://ofp.nu/,search,,unverified,,,"site answered 403/429 to the audit browser (bot protection); not rated, check manually",Jimmy Esmann Lora Perez,Direktør,33 14 84 24,restaurant,29692297,03-07-2006,21
RESTAURANT SKOVLY ApS,Klampenborg,2930,Dyrehavsbakken 18,https://skovly.dk,guess,,unverified,,,"site could not be reached from the audit environment (HTTP 503 via proxy on two independent paths); not rated, check manually",Ziad Khaled Masselkhi,Direktør,39 63 61 85,restaurant,27509231,01-12-2003,
Restaurant 4200 ApS,Slagelse,4200,Idagårdsvej 8,,,,excluded-chain,,,"Trades as Roll 'n Eat (kebab chain). Site lists Greve, Næstved, Odense, Rødekro, Slagelse, Maribo - matches business units; Slagelse address",Mustafa Sahin,Direktør,,,37975621,01-09-2016,40
Restaurant Abigail ApS,København K,1165,Nørregade 45,https://restaurantabigail.dk,guess,,unverified,,,"site could not be reached from the audit environment (HTTP 503 via proxy on two independent paths); not rated, check manually",Bjarke Just Nielsen,Direktør,,,44348691,25-09-2023,12
Restaurant Amager RA ApS,Kastrup,2770,"C/O Kent Cheng, Amager Landevej 42",https://amager.dk,guess,,unverified,,,"site could not be reached from the audit environment (HTTP 503 via proxy on two independent paths); not rated, check manually",Kent Cheng,Direktør,,,44165376,03-07-2023,7
Restaurant Backhaus 2022 ApS,Ribe,6760,Grydergade 12,https://restaurantbackhaus.com/,search,,unverified,,,"site answered 403/429 to the audit browser (bot protection); not rated, check manually",Bente Kjær Schmidt,Direktør,75 42 11 01,restaurant,43145193,23-03-2022,21
Restaurant Carl Nielsen ApS,København K,1253,"Toldbodgade 5, st.",https://restaurantcarlnielsen.dk/,osm,,unverified,,,"site could not be reached from the audit environment (HTTP 503 via proxy on two independent paths); not rated, check manually",,,41 83 02 01,restaurant,40380973,26-03-2019,
Restaurant Colosseum Sønderborg ApS,Vejle,7100,Friis Hansens Vej 5,https://restaurantcolosseum.dk,guess,,unverified,,,"site could not be reached from the audit environment (HTTP 503 via proxy on two independent paths); not rated, check manually",Michel Totaro,Direktør,,,42684988,15-09-2021,55
Restaurant Gabrielle ApS,København K,1456,Vestergade 3,https://restaurantgabrielle.dk,guess,,unverified,,,"site could not be reached from the audit environment (HTTP 503 via proxy on two independent paths); not rated, check manually",Bjarke Just Nielsen,Direktør,,,43907174,09-03-2023,16
"Restaurant Glashuset, Lønstrup ApS",Randers NV,8920,"Hovedvejen 8, st.",https://glashuset.dk,guess,,unverified,,,"site could not be reached from the audit environment (HTTP 503 via proxy on two independent paths); not rated, check manually",,,,,38990225,02-10-2017,8
Restaurant Gruppen ApS,Svaneke,3740,Svaneke Torv 5,https://restaurantgruppen.dk,guess,,unverified,,,"site could not be reached from the audit environment (HTTP 503 via proxy on two independent paths); not rated, check manually",Morten Borup Carstensen,Direktør,28 71 07 59,restaurant,29849218,11-09-2006,59
Restaurant Nordic ApS,Ringkøbing,6950,V Strandgade 1,https://www.restaurantnordic.dk/,osm,,unverified,,,"site could not be reached from the audit environment (HTTP 503 via proxy on two independent paths); not rated, check manually",Frederik Emil Havn,Direktør,97 32 27 27,restaurant,41218126,05-03-2020,21
Restaurant Storkereden ApS,Randers C,8900,"Kirketorvet 2, st. th",https://storkereden.dk,guess,,unverified,,,"site could not be reached from the audit environment (HTTP 503 via proxy on two independent paths); not rated, check manually",Heidi Lundgaard Rasmussen,Direktør,,,44252457,18-08-2023,9
Restaurant Suri ApS,Holbæk,4300,"C/O Restaurant SuRi, Havnevej 5",https://www.suri.dk/,osm,,unverified,,,"site could not be reached from the audit environment (HTTP 503 via proxy on two independent paths); not rated, check manually",Henrik Lilleskov Nielsen,Direktør,59 49 90 72,restaurant,27099181,01-04-2003,30
Restaurant Viking ApS,Sønderborg,6400,"Løngang 27, st.",https://viking.dk,guess,,unverified,,,"site could not be reached from the audit environment (HTTP 503 via proxy on two independent paths); not rated, check manually",Emil Nielsen Jonsson,Direktør,51 82 91 41,restaurant,37253006,23-11-2015,5
SSP Denmark ApS,Kastrup,2770,"Lufthavnsboulevarden 14, 1.",,,,excluded-chain,,,"Corporate airport/station F&B operator (SSP Group), not a single restaurant; directories also cite ssp.dk.",Björn Christer Olsson,Adm. Direktør,26 31 76 82,restaurant,29536740,18-05-2006,520
Safai Invest ApS,Nørresundby,9400,"C/O Jonas Safai, Loftbrovej 6",,,,excluded-chain,,,"Sunset Boulevard franchisee (Hjørring, Nørresundby, Frederikshavn); no own site, chain site is sunset-boulevard.dk",Jonas Safai,Direktør,41 26 30 33,restaurant,43766686,10-01-2023,121
Schelbli Food Group ApS,Roskilde,4000,"C/O Katrine Schelbli, Rævehøjen 11",,,,excluded-chain,,,McDonald's Kalundborg franchisee. No own website; brand site is mcdonalds.dk.,Katrine Schelbli,Direktør,,,44286289,07-09-2023,176
Stensbyhus - Restaurant & Selskabslokaler ApS,Stensved,4773,Stensbyvej 13,https://stensbyhus.dk,guess,,unverified,,,"site could not be reached from the audit environment (HTTP 503 via proxy on two independent paths); not rated, check manually",Jesper Præstgaard Brix,Direktør,30 70 18 01,restaurant,42623334,13-08-2021,
SunB ApS,Slagelse,4200,Idagårdsvej 4,,,,excluded-chain,,,"Sunset Boulevard franchisee (Nyborg, Næstved, Ringsted, Korsør); no own site, chain site is sunset-boulevard.dk",Jesper Nielsen,Adm. Direktør,,,43201476,13-04-2022,315
SØBY VÆRFT A/S,Søby Ærø,5985,Dokvej 5,,,,excluded-chain,,,"rejected candidate http://soby.dk/: Malermester Lars Søby painting firm, not a restaurant",Tejs Beltov,Direktør,62 58 11 23,restaurant,34604215,23-12-1971,77
TIVOLI FRIHEDEN A/S,Aarhus C,8000,Skovbrynet 1,https://tivolifriheden.dk,guess,,unverified,,,"site could not be reached from the audit environment (HTTP 503 via proxy on two independent paths); not rated, check manually",Henrik Ragborg Olesen,Direktør,86 14 73 00,restaurant,12503997,01-10-1988,668
TPL ApS,Viby J,8260,"Viby Ringvej 17, 2.",,,,excluded-chain,,,"McDonald's franchisee (Aarhus restaurants); no own website, only mcdonalds.dk brand site.",Jackie Høst,Direktør,,,30563239,22-05-2008,384
The Lounge Restaurant APS,København K,1123,"Gothersgade 19, st.",https://www.centrestage.dk/,osm,,unverified,,,"site answered 403/429 to the audit browser (bot protection); not rated, check manually",Johnny Lykkegaard Poulsen,Direktør,21 60 01 74,restaurant,38969404,27-09-2017,27
Vadstrup ApS,Hvidovre,2650,Rødvig Alle 26,,,,excluded-chain,,,"Sunset Boulevard franchisee (Skovlunde, Greve, Taastrup); only the chain site exists.",Peter Vadstrup,Direktør,,,42877883,01-12-2021,177
WE LOVE BURGERS A/S,København K,1457,Gammeltorv 4,,,,excluded-chain,,,"Operates MAX Burgers restaurants in Denmark (Gammeltorv 4 etc.); no own site, brand site is maxburgers.com",Dan Robert Christoffer Bergfors,Adm. Direktør,,,34613052,04-07-2012,194
WEBER-STEPHEN NORDIC ApS,Nørresundby,9400,Bøgildsmindevej 23,,,,excluded-chain,,,"Grill manufacturer's Nordic subsidiary, not a restaurant; brand site.",Carsten Bjørn de Place,Adm. Direktør,,,25194969,01-02-2000,57
